2026-01-21T09:39:09.875+01:00  INFO 12344 --- [psep-ut4-api-server] [main] c.e.p.s.PsepUt4ApiServerApplication      : Starting PsepUt4ApiServerApplication using Java 25 with PID 12344 (C:\Users\jberrojalo1\Documents\GitHub\DAM2A\PSEP\UT4\UT4_A1\psep-ut4-api-server\psep-ut4-api-server\target\classes started by jberrojalo1 in C:\Users\jberrojalo1\Documents\GitHub\DAM2A\PSEP\UT4\UT4_A1)
2026-01-21T09:39:09.877+01:00  INFO 12344 --- [psep-ut4-api-server] [main] c.e.p.s.PsepUt4ApiServerApplication      : No active profile set, falling back to 1 default profile: "default"
2026-01-21T09:39:10.230+01:00  INFO 12344 --- [psep-ut4-api-server] [main] .s.d.r.c.RepositoryConfigurationDelegate : Bootstrapping Spring Data JPA repositories in DEFAULT mode.
2026-01-21T09:39:10.267+01:00  INFO 12344 --- [psep-ut4-api-server] [main] .s.d.r.c.RepositoryConfigurationDelegate : Finished Spring Data repository scanning in 33 ms. Found 2 JPA repository interfaces.
2026-01-21T09:39:10.541+01:00  INFO 12344 --- [psep-ut4-api-server] [main] o.s.b.w.embedded.tomcat.TomcatWebServer  : Tomcat initialized with port 8081 (http)
2026-01-21T09:39:10.548+01:00  INFO 12344 --- [psep-ut4-api-server] [main] o.apache.catalina.core.StandardService   : Starting service [Tomcat]
2026-01-21T09:39:10.548+01:00  INFO 12344 --- [psep-ut4-api-server] [main] o.apache.catalina.core.StandardEngine    : Starting Servlet engine: [Apache Tomcat/10.1.26]
2026-01-21T09:39:10.577+01:00  INFO 12344 --- [psep-ut4-api-server] [main] o.a.c.c.C.[Tomcat].[localhost].[/]       : Initializing Spring embedded WebApplicationContext
2026-01-21T09:39:10.577+01:00  INFO 12344 --- [psep-ut4-api-server] [main] w.s.c.ServletWebServerApplicationContext : Root WebApplicationContext: initialization completed in 673 ms
2026-01-21T09:39:10.650+01:00  INFO 12344 --- [psep-ut4-api-server] [main] o.hibernate.jpa.internal.util.LogHelper  : HHH000204: Processing PersistenceUnitInfo [name: default]
2026-01-21T09:39:10.680+01:00  INFO 12344 --- [psep-ut4-api-server] [main] org.hibernate.Version                    : HHH000412: Hibernate ORM core version 6.5.2.Final
2026-01-21T09:39:10.699+01:00  INFO 12344 --- [psep-ut4-api-server] [main] o.h.c.internal.RegionFactoryInitiator    : HHH000026: Second-level cache disabled
2026-01-21T09:39:10.880+01:00  INFO 12344 --- [psep-ut4-api-server] [main] o.s.o.j.p.SpringPersistenceUnitInfo      : No LoadTimeWeaver setup: ignoring JPA class transformer
2026-01-21T09:39:10.896+01:00  INFO 12344 --- [psep-ut4-api-server] [main] com.zaxxer.hikari.HikariDataSource       : HikariPool-1 - Starting...
2026-01-21T09:39:11.090+01:00  INFO 12344 --- [psep-ut4-api-server] [main] com.zaxxer.hikari.pool.HikariPool        : HikariPool-1 - Added connection com.mysql.cj.jdbc.ConnectionImpl@7198ab9a
2026-01-21T09:39:11.093+01:00  INFO 12344 --- [psep-ut4-api-server] [main] com.zaxxer.hikari.HikariDataSource       : HikariPool-1 - Start completed.
2026-01-21T09:39:11.656+01:00  INFO 12344 --- [psep-ut4-api-server] [main] o.h.e.t.j.p.i.JtaPlatformInitiator       : HHH000489: No JTA platform available (set 'hibernate.transaction.jta.platform' to enable JTA platform integration)
2026-01-21T09:39:11.672+01:00  WARN 12344 --- [psep-ut4-api-server] [main] o.h.t.s.i.ExceptionHandlerLoggedImpl     : GenerationTarget encountered exception accepting command : Error executing DDL "alter table reviews drop foreign key FK4vmuw1wktrkx0nwltguf3cyyn" via JDBC [Table 'psep_ut4.reviews' doesn't exist]

org.hibernate.tool.schema.spi.CommandAcceptanceException: Error executing DDL "alter table reviews drop foreign key FK4vmuw1wktrkx0nwltguf3cyyn" via JDBC [Table 'psep_ut4.reviews' doesn't exist]
	at org.hibernate.tool.schema.internal.exec.GenerationTargetToDatabase.accept(GenerationTargetToDatabase.java:94) ~[hibernate-core-6.5.2.Final.jar:6.5.2.Final]
	at org.hibernate.tool.schema.internal.Helper.applySqlString(Helper.java:233) ~[hibernate-core-6.5.2.Final.jar:6.5.2.Final]
	at org.hibernate.tool.schema.internal.Helper.applySqlStrings(Helper.java:217) ~[hibernate-core-6.5.2.Final.jar:6.5.2.Final]
	at org.hibernate.tool.schema.internal.SchemaDropperImpl.applyConstraintDropping(SchemaDropperImpl.java:476) ~[hibernate-core-6.5.2.Final.jar:6.5.2.Final]
	at org.hibernate.tool.schema.internal.SchemaDropperImpl.dropConstraintsTablesSequences(SchemaDropperImpl.java:242) ~[hibernate-core-6.5.2.Final.jar:6.5.2.Final]
	at org.hibernate.tool.schema.internal.SchemaDropperImpl.dropFromMetadata(SchemaDropperImpl.java:215) ~[hibernate-core-6.5.2.Final.jar:6.5.2.Final]
	at org.hibernate.tool.schema.internal.SchemaDropperImpl.performDrop(SchemaDropperImpl.java:185) ~[hibernate-core-6.5.2.Final.jar:6.5.2.Final]
	at org.hibernate.tool.schema.internal.SchemaDropperImpl.doDrop(SchemaDropperImpl.java:155) ~[hibernate-core-6.5.2.Final.jar:6.5.2.Final]
	at org.hibernate.tool.schema.internal.SchemaDropperImpl.doDrop(SchemaDropperImpl.java:115) ~[hibernate-core-6.5.2.Final.jar:6.5.2.Final]
	at org.hibernate.tool.schema.spi.SchemaManagementToolCoordinator.performDatabaseAction(SchemaManagementToolCoordinator.java:238) ~[hibernate-core-6.5.2.Final.jar:6.5.2.Final]
	at org.hibernate.tool.schema.spi.SchemaManagementToolCoordinator.lambda$process$5(SchemaManagementToolCoordinator.java:144) ~[hibernate-core-6.5.2.Final.jar:6.5.2.Final]
	at java.base/java.util.HashMap.forEach(HashMap.java:1430) ~[na:na]
	at org.hibernate.tool.schema.spi.SchemaManagementToolCoordinator.process(SchemaManagementToolCoordinator.java:141) ~[hibernate-core-6.5.2.Final.jar:6.5.2.Final]
	at org.hibernate.boot.internal.SessionFactoryObserverForSchemaExport.sessionFactoryCreated(SessionFactoryObserverForSchemaExport.java:37) ~[hibernate-core-6.5.2.Final.jar:6.5.2.Final]
	at org.hibernate.internal.SessionFactoryObserverChain.sessionFactoryCreated(SessionFactoryObserverChain.java:35) ~[hibernate-core-6.5.2.Final.jar:6.5.2.Final]
	at org.hibernate.internal.SessionFactoryImpl.<init>(SessionFactoryImpl.java:322) ~[hibernate-core-6.5.2.Final.jar:6.5.2.Final]
	at org.hibernate.boot.internal.SessionFactoryBuilderImpl.build(SessionFactoryBuilderImpl.java:457) ~[hibernate-core-6.5.2.Final.jar:6.5.2.Final]
	at org.hibernate.jpa.boot.internal.EntityManagerFactoryBuilderImpl.build(EntityManagerFactoryBuilderImpl.java:1506) ~[hibernate-core-6.5.2.Final.jar:6.5.2.Final]
	at org.springframework.orm.jpa.vendor.SpringHibernateJpaPersistenceProvider.createContainerEntityManagerFactory(SpringHibernateJpaPersistenceProvider.java:75) ~[spring-orm-6.1.11.jar:6.1.11]
	at org.springframework.orm.jpa.LocalContainerEntityManagerFactoryBean.createNativeEntityManagerFactory(LocalContainerEntityManagerFactoryBean.java:390) ~[spring-orm-6.1.11.jar:6.1.11]
	at org.springframework.orm.jpa.AbstractEntityManagerFactoryBean.buildNativeEntityManagerFactory(AbstractEntityManagerFactoryBean.java:409) ~[spring-orm-6.1.11.jar:6.1.11]
	at org.springframework.orm.jpa.AbstractEntityManagerFactoryBean.afterPropertiesSet(AbstractEntityManagerFactoryBean.java:396) ~[spring-orm-6.1.11.jar:6.1.11]
	at org.springframework.orm.jpa.LocalContainerEntityManagerFactoryBean.afterPropertiesSet(LocalContainerEntityManagerFactoryBean.java:366) ~[spring-orm-6.1.11.jar:6.1.11]
	at org.springframework.beans.factory.support.AbstractAutowireCapableBeanFactory.invokeInitMethods(AbstractAutowireCapableBeanFactory.java:1853) ~[spring-beans-6.1.11.jar:6.1.11]
	at org.springframework.beans.factory.support.AbstractAutowireCapableBeanFactory.initializeBean(AbstractAutowireCapableBeanFactory.java:1802) ~[spring-beans-6.1.11.jar:6.1.11]
	at org.springframework.beans.factory.support.AbstractAutowireCapableBeanFactory.doCreateBean(AbstractAutowireCapableBeanFactory.java:600) ~[spring-beans-6.1.11.jar:6.1.11]
	at org.springframework.beans.factory.support.AbstractAutowireCapableBeanFactory.createBean(AbstractAutowireCapableBeanFactory.java:522) ~[spring-beans-6.1.11.jar:6.1.11]
	at org.springframework.beans.factory.support.AbstractBeanFactory.lambda$doGetBean$0(AbstractBeanFactory.java:337) ~[spring-beans-6.1.11.jar:6.1.11]
	at org.springframework.beans.factory.support.DefaultSingletonBeanRegistry.getSingleton(DefaultSingletonBeanRegistry.java:234) ~[spring-beans-6.1.11.jar:6.1.11]
	at org.springframework.beans.factory.support.AbstractBeanFactory.doGetBean(AbstractBeanFactory.java:335) ~[spring-beans-6.1.11.jar:6.1.11]
	at org.springframework.beans.factory.support.AbstractBeanFactory.getBean(AbstractBeanFactory.java:205) ~[spring-beans-6.1.11.jar:6.1.11]
	at org.springframework.context.support.AbstractApplicationContext.finishBeanFactoryInitialization(AbstractApplicationContext.java:954) ~[spring-context-6.1.11.jar:6.1.11]
	at org.springframework.context.support.AbstractApplicationContext.refresh(AbstractApplicationContext.java:625) ~[spring-context-6.1.11.jar:6.1.11]
	at org.springframework.boot.web.servlet.context.ServletWebServerApplicationContext.refresh(ServletWebServerApplicationContext.java:146) ~[spring-boot-3.3.2.jar:3.3.2]
	at org.springframework.boot.SpringApplication.refresh(SpringApplication.java:754) ~[spring-boot-3.3.2.jar:3.3.2]
	at org.springframework.boot.SpringApplication.refreshContext(SpringApplication.java:456) ~[spring-boot-3.3.2.jar:3.3.2]
	at org.springframework.boot.SpringApplication.run(SpringApplication.java:335) ~[spring-boot-3.3.2.jar:3.3.2]
	at org.springframework.boot.SpringApplication.run(SpringApplication.java:1363) ~[spring-boot-3.3.2.jar:3.3.2]
	at org.springframework.boot.SpringApplication.run(SpringApplication.java:1352) ~[spring-boot-3.3.2.jar:3.3.2]
	at com.example.psep_ut4_api_server.server.PsepUt4ApiServerApplication.main(PsepUt4ApiServerApplication.java:10) ~[classes/:na]
Caused by: java.sql.SQLSyntaxErrorException: Table 'psep_ut4.reviews' doesn't exist
	at com.mysql.cj.jdbc.exceptions.SQLError.createSQLException(SQLError.java:121) ~[mysql-connector-j-8.3.0.jar:8.3.0]
	at com.mysql.cj.jdbc.exceptions.SQLExceptionsMapping.translateException(SQLExceptionsMapping.java:122) ~[mysql-connector-j-8.3.0.jar:8.3.0]
	at com.mysql.cj.jdbc.StatementImpl.executeInternal(StatementImpl.java:770) ~[mysql-connector-j-8.3.0.jar:8.3.0]
	at com.mysql.cj.jdbc.StatementImpl.execute(StatementImpl.java:653) ~[mysql-connector-j-8.3.0.jar:8.3.0]
	at com.zaxxer.hikari.pool.ProxyStatement.execute(ProxyStatement.java:94) ~[HikariCP-5.1.0.jar:na]
	at com.zaxxer.hikari.pool.HikariProxyStatement.execute(HikariProxyStatement.java) ~[HikariCP-5.1.0.jar:na]
	at org.hibernate.tool.schema.internal.exec.GenerationTargetToDatabase.accept(GenerationTargetToDatabase.java:80) ~[hibernate-core-6.5.2.Final.jar:6.5.2.Final]
	... 39 common frames omitted

2026-01-21T09:39:11.918+01:00  INFO 12344 --- [psep-ut4-api-server] [main] j.LocalContainerEntityManagerFactoryBean : Initialized JPA EntityManagerFactory for persistence unit 'default'
2026-01-21T09:39:12.158+01:00  WARN 12344 --- [psep-ut4-api-server] [main] JpaBaseConfiguration$JpaWebConfiguration : spring.jpa.open-in-view is enabled by default. Therefore, database queries may be performed during view rendering. Explicitly configure spring.jpa.open-in-view to disable this warning
2026-01-21T09:39:12.369+01:00  INFO 12344 --- [psep-ut4-api-server] [main] o.s.b.w.embedded.tomcat.TomcatWebServer  : Tomcat started on port 8081 (http) with context path '/'
2026-01-21T09:39:12.374+01:00  INFO 12344 --- [psep-ut4-api-server] [main] c.e.p.s.PsepUt4ApiServerApplication      : Started PsepUt4ApiServerApplication in 2.761 seconds (process running for 3.112)
2026-01-21T09:39:21.574+01:00  INFO 12344 --- [psep-ut4-api-server] [SpringApplicationShutdownHook] j.LocalContainerEntityManagerFactoryBean : Closing JPA EntityManagerFactory for persistence unit 'default'
2026-01-21T09:39:21.604+01:00  INFO 12344 --- [psep-ut4-api-server] [SpringApplicationShutdownHook] com.zaxxer.hikari.HikariDataSource       : HikariPool-1 - Shutdown initiated...
2026-01-21T09:39:21.608+01:00  INFO 12344 --- [psep-ut4-api-server] [SpringApplicationShutdownHook] com.zaxxer.hikari.HikariDataSource       : HikariPool-1 - Shutdown completed.
2026-01-21T09:41:25.597+01:00  INFO 6312 --- [psep-ut4-api-server] [main] c.e.p.s.PsepUt4ApiServerApplication      : Starting PsepUt4ApiServerApplication using Java 25 with PID 6312 (C:\Users\jberrojalo1\Documents\GitHub\DAM2A\PSEP\UT4\UT4_A1\psep-ut4-api-server\psep-ut4-api-server\target\classes started by jberrojalo1 in C:\Users\jberrojalo1\Documents\GitHub\DAM2A\PSEP\UT4\UT4_A1)
2026-01-21T09:41:25.599+01:00  INFO 6312 --- [psep-ut4-api-server] [main] c.e.p.s.PsepUt4ApiServerApplication      : No active profile set, falling back to 1 default profile: "default"
2026-01-21T09:41:26.044+01:00  INFO 6312 --- [psep-ut4-api-server] [main] .s.d.r.c.RepositoryConfigurationDelegate : Bootstrapping Spring Data JPA repositories in DEFAULT mode.
2026-01-21T09:41:26.083+01:00  INFO 6312 --- [psep-ut4-api-server] [main] .s.d.r.c.RepositoryConfigurationDelegate : Finished Spring Data repository scanning in 33 ms. Found 2 JPA repository interfaces.
2026-01-21T09:41:26.423+01:00  INFO 6312 --- [psep-ut4-api-server] [main] o.s.b.w.embedded.tomcat.TomcatWebServer  : Tomcat initialized with port 8081 (http)
2026-01-21T09:41:26.462+01:00  INFO 6312 --- [psep-ut4-api-server] [main] w.s.c.ServletWebServerApplicationContext : Root WebApplicationContext: initialization completed in 833 ms
2026-01-21T09:41:26.549+01:00  INFO 6312 --- [psep-ut4-api-server] [main] o.hibernate.jpa.internal.util.LogHelper  : HHH000204: Processing PersistenceUnitInfo [name: default]
2026-01-21T09:41:26.585+01:00  INFO 6312 --- [psep-ut4-api-server] [main] org.hibernate.Version                    : HHH000412: Hibernate ORM core version 6.5.2.Final
2026-01-21T09:41:26.611+01:00  INFO 6312 --- [psep-ut4-api-server] [main] o.h.c.internal.RegionFactoryInitiator    : HHH000026: Second-level cache disabled
2026-01-21T09:41:26.804+01:00  INFO 6312 --- [psep-ut4-api-server] [main] o.s.o.j.p.SpringPersistenceUnitInfo      : No LoadTimeWeaver setup: ignoring JPA class transformer
2026-01-21T09:41:26.820+01:00  INFO 6312 --- [psep-ut4-api-server] [main] com.zaxxer.hikari.HikariDataSource       : HikariPool-1 - Starting...
2026-01-21T09:41:27.073+01:00  INFO 6312 --- [psep-ut4-api-server] [main] com.zaxxer.hikari.pool.HikariPool        : HikariPool-1 - Added connection com.mysql.cj.jdbc.ConnectionImpl@448086ab
2026-01-21T09:41:27.075+01:00  INFO 6312 --- [psep-ut4-api-server] [main] com.zaxxer.hikari.HikariDataSource       : HikariPool-1 - Start completed.
2026-01-21T09:41:27.737+01:00  INFO 6312 --- [psep-ut4-api-server] [main] o.h.e.t.j.p.i.JtaPlatformInitiator       : HHH000489: No JTA platform available (set 'hibernate.transaction.jta.platform' to enable JTA platform integration)
2026-01-21T09:41:27.755+01:00  WARN 6312 --- [psep-ut4-api-server] [main] o.h.t.s.i.ExceptionHandlerLoggedImpl     : GenerationTarget encountered exception accepting command : Error executing DDL "alter table reviews drop foreign key FK4vmuw1wktrkx0nwltguf3cyyn" via JDBC [Table 'psep_ut4.reviews' doesn't exist]

org.hibernate.tool.schema.spi.CommandAcceptanceException: Error executing DDL "alter table reviews drop foreign key FK4vmuw1wktrkx0nwltguf3cyyn" via JDBC [Table 'psep_ut4.reviews' doesn't exist]
	at org.hibernate.tool.schema.internal.exec.GenerationTargetToDatabase.accept(GenerationTargetToDatabase.java:94) ~[hibernate-core-6.5.2.Final.jar:6.5.2.Final]
	at org.hibernate.tool.schema.internal.Helper.applySqlString(Helper.java:233) ~[hibernate-core-6.5.2.Final.jar:6.5.2.Final]
	at org.hibernate.tool.schema.internal.Helper.applySqlStrings(Helper.java:217) ~[hibernate-core-6.5.2.Final.jar:6.5.2.Final]
	at org.hibernate.tool.schema.internal.SchemaDropperImpl.applyConstraintDropping(SchemaDropperImpl.java:476) ~[hibernate-core-6.5.2.Final.jar:6.5.2.Final]
	at org.hibernate.tool.schema.internal.SchemaDropperImpl.dropConstraintsTablesSequences(SchemaDropperImpl.java:242) ~[hibernate-core-6.5.2.Final.jar:6.5.2.Final]
	at org.hibernate.tool.schema.internal.SchemaDropperImpl.dropFromMetadata(SchemaDropperImpl.java:215) ~[hibernate-core-6.5.2.Final.jar:6.5.2.Final]
	at org.hibernate.tool.schema.internal.SchemaDropperImpl.performDrop(SchemaDropperImpl.java:185) ~[hibernate-core-6.5.2.Final.jar:6.5.2.Final]
	at org.hibernate.tool.schema.internal.SchemaDropperImpl.doDrop(SchemaDropperImpl.java:155) ~[hibernate-core-6.5.2.Final.jar:6.5.2.Final]
	at org.hibernate.tool.schema.internal.SchemaDropperImpl.doDrop(SchemaDropperImpl.java:115) ~[hibernate-core-6.5.2.Final.jar:6.5.2.Final]
	at org.hibernate.tool.schema.spi.SchemaManagementToolCoordinator.performDatabaseAction(SchemaManagementToolCoordinator.java:238) ~[hibernate-core-6.5.2.Final.jar:6.5.2.Final]
	at org.hibernate.tool.schema.spi.SchemaManagementToolCoordinator.lambda$process$5(SchemaManagementToolCoordinator.java:144) ~[hibernate-core-6.5.2.Final.jar:6.5.2.Final]
	at java.base/java.util.HashMap.forEach(HashMap.java:1430) ~[na:na]
	at org.hibernate.tool.schema.spi.SchemaManagementToolCoordinator.process(SchemaManagementToolCoordinator.java:141) ~[hibernate-core-6.5.2.Final.jar:6.5.2.Final]
	at org.hibernate.boot.internal.SessionFactoryObserverForSchemaExport.sessionFactoryCreated(SessionFactoryObserverForSchemaExport.java:37) ~[hibernate-core-6.5.2.Final.jar:6.5.2.Final]
	at org.hibernate.internal.SessionFactoryObserverChain.sessionFactoryCreated(SessionFactoryObserverChain.java:35) ~[hibernate-core-6.5.2.Final.jar:6.5.2.Final]
	at org.hibernate.internal.SessionFactoryImpl.<init>(SessionFactoryImpl.java:322) ~[hibernate-core-6.5.2.Final.jar:6.5.2.Final]
	at org.hibernate.boot.internal.SessionFactoryBuilderImpl.build(SessionFactoryBuilderImpl.java:457) ~[hibernate-core-6.5.2.Final.jar:6.5.2.Final]
	at org.hibernate.jpa.boot.internal.EntityManagerFactoryBuilderImpl.build(EntityManagerFactoryBuilderImpl.java:1506) ~[hibernate-core-6.5.2.Final.jar:6.5.2.Final]
	at org.springframework.orm.jpa.vendor.SpringHibernateJpaPersistenceProvider.createContainerEntityManagerFactory(SpringHibernateJpaPersistenceProvider.java:75) ~[spring-orm-6.1.11.jar:6.1.11]
	at org.springframework.orm.jpa.LocalContainerEntityManagerFactoryBean.createNativeEntityManagerFactory(LocalContainerEntityManagerFactoryBean.java:390) ~[spring-orm-6.1.11.jar:6.1.11]
	at org.springframework.orm.jpa.AbstractEntityManagerFactoryBean.buildNativeEntityManagerFactory(AbstractEntityManagerFactoryBean.java:409) ~[spring-orm-6.1.11.jar:6.1.11]
	at org.springframework.orm.jpa.AbstractEntityManagerFactoryBean.afterPropertiesSet(AbstractEntityManagerFactoryBean.java:396) ~[spring-orm-6.1.11.jar:6.1.11]
	at org.springframework.orm.jpa.LocalContainerEntityManagerFactoryBean.afterPropertiesSet(LocalContainerEntityManagerFactoryBean.java:366) ~[spring-orm-6.1.11.jar:6.1.11]
	at org.springframework.beans.factory.support.AbstractAutowireCapableBeanFactory.invokeInitMethods(AbstractAutowireCapableBeanFactory.java:1853) ~[spring-beans-6.1.11.jar:6.1.11]
	at org.springframework.beans.factory.support.AbstractAutowireCapableBeanFactory.initializeBean(AbstractAutowireCapableBeanFactory.java:1802) ~[spring-beans-6.1.11.jar:6.1.11]
	at org.springframework.beans.factory.support.AbstractAutowireCapableBeanFactory.doCreateBean(AbstractAutowireCapableBeanFactory.java:600) ~[spring-beans-6.1.11.jar:6.1.11]
	at org.springframework.beans.factory.support.AbstractAutowireCapableBeanFactory.createBean(AbstractAutowireCapableBeanFactory.java:522) ~[spring-beans-6.1.11.jar:6.1.11]
	at org.springframework.beans.factory.support.AbstractBeanFactory.lambda$doGetBean$0(AbstractBeanFactory.java:337) ~[spring-beans-6.1.11.jar:6.1.11]
	at org.springframework.beans.factory.support.DefaultSingletonBeanRegistry.getSingleton(DefaultSingletonBeanRegistry.java:234) ~[spring-beans-6.1.11.jar:6.1.11]
	at org.springframework.beans.factory.support.AbstractBeanFactory.doGetBean(AbstractBeanFactory.java:335) ~[spring-beans-6.1.11.jar:6.1.11]
	at org.springframework.beans.factory.support.AbstractBeanFactory.getBean(AbstractBeanFactory.java:205) ~[spring-beans-6.1.11.jar:6.1.11]
	at org.springframework.context.support.AbstractApplicationContext.finishBeanFactoryInitialization(AbstractApplicationContext.java:954) ~[spring-context-6.1.11.jar:6.1.11]
	at org.springframework.context.support.AbstractApplicationContext.refresh(AbstractApplicationContext.java:625) ~[spring-context-6.1.11.jar:6.1.11]
	at org.springframework.boot.web.servlet.context.ServletWebServerApplicationContext.refresh(ServletWebServerApplicationContext.java:146) ~[spring-boot-3.3.2.jar:3.3.2]
	at org.springframework.boot.SpringApplication.refresh(SpringApplication.java:754) ~[spring-boot-3.3.2.jar:3.3.2]
	at org.springframework.boot.SpringApplication.refreshContext(SpringApplication.java:456) ~[spring-boot-3.3.2.jar:3.3.2]
	at org.springframework.boot.SpringApplication.run(SpringApplication.java:335) ~[spring-boot-3.3.2.jar:3.3.2]
	at org.springframework.boot.SpringApplication.run(SpringApplication.java:1363) ~[spring-boot-3.3.2.jar:3.3.2]
	at org.springframework.boot.SpringApplication.run(SpringApplication.java:1352) ~[spring-boot-3.3.2.jar:3.3.2]
	at com.example.psep_ut4_api_server.server.PsepUt4ApiServerApplication.main(PsepUt4ApiServerApplication.java:10) ~[classes/:na]
Caused by: java.sql.SQLSyntaxErrorException: Table 'psep_ut4.reviews' doesn't exist
	at com.mysql.cj.jdbc.exceptions.SQLError.createSQLException(SQLError.java:121) ~[mysql-connector-j-8.3.0.jar:8.3.0]
	at com.mysql.cj.jdbc.exceptions.SQLExceptionsMapping.translateException(SQLExceptionsMapping.java:122) ~[mysql-connector-j-8.3.0.jar:8.3.0]
	at com.mysql.cj.jdbc.StatementImpl.executeInternal(StatementImpl.java:770) ~[mysql-connector-j-8.3.0.jar:8.3.0]
	at com.mysql.cj.jdbc.StatementImpl.execute(StatementImpl.java:653) ~[mysql-connector-j-8.3.0.jar:8.3.0]
	at com.zaxxer.hikari.pool.ProxyStatement.execute(ProxyStatement.java:94) ~[HikariCP-5.1.0.jar:na]
	at com.zaxxer.hikari.pool.HikariProxyStatement.execute(HikariProxyStatement.java) ~[HikariCP-5.1.0.jar:na]
	at org.hibernate.tool.schema.internal.exec.GenerationTargetToDatabase.accept(GenerationTargetToDatabase.java:80) ~[hibernate-core-6.5.2.Final.jar:6.5.2.Final]
	... 39 common frames omitted

2026-01-21T09:41:27.858+01:00  INFO 6312 --- [psep-ut4-api-server] [main] j.LocalContainerEntityManagerFactoryBean : Initialized JPA EntityManagerFactory for persistence unit 'default'
2026-01-21T09:41:28.086+01:00  WARN 6312 --- [psep-ut4-api-server] [main] JpaBaseConfiguration$JpaWebConfiguration : spring.jpa.open-in-view is enabled by default. Therefore, database queries may be performed during view rendering. Explicitly configure spring.jpa.open-in-view to disable this warning
2026-01-21T09:41:28.320+01:00  INFO 6312 --- [psep-ut4-api-server] [main] o.s.b.w.embedded.tomcat.TomcatWebServer  : Tomcat started on port 8081 (http) with context path '/'
2026-01-21T09:41:28.325+01:00  INFO 6312 --- [psep-ut4-api-server] [main] c.e.p.s.PsepUt4ApiServerApplication      : Started PsepUt4ApiServerApplication in 3.041 seconds (process running for 3.937)
2026-01-21T09:41:28.332+01:00  INFO 6312 --- [psep-ut4-api-server] [SpringApplicationShutdownHook] j.LocalContainerEntityManagerFactoryBean : Closing JPA EntityManagerFactory for persistence unit 'default'
2026-01-21T09:41:28.365+01:00  INFO 6312 --- [psep-ut4-api-server] [SpringApplicationShutdownHook] com.zaxxer.hikari.HikariDataSource       : HikariPool-1 - Shutdown initiated...
2026-01-21T09:41:28.369+01:00  INFO 6312 --- [psep-ut4-api-server] [SpringApplicationShutdownHook] com.zaxxer.hikari.HikariDataSource       : HikariPool-1 - Shutdown completed.
2026-01-21T09:41:32.545+01:00  INFO 15892 --- [psep-ut4-api-server] [main] c.e.p.s.PsepUt4ApiServerApplication      : Starting PsepUt4ApiServerApplication using Java 25 with PID 15892 (C:\Users\jberrojalo1\Documents\GitHub\DAM2A\PSEP\UT4\UT4_A1\psep-ut4-api-server\psep-ut4-api-server\target\classes started by jberrojalo1 in C:\Users\jberrojalo1\Documents\GitHub\DAM2A\PSEP\UT4\UT4_A1)
2026-01-21T09:41:32.546+01:00  INFO 15892 --- [psep-ut4-api-server] [main] c.e.p.s.PsepUt4ApiServerApplication      : No active profile set, falling back to 1 default profile: "default"
2026-01-21T09:41:32.901+01:00  INFO 15892 --- [psep-ut4-api-server] [main] .s.d.r.c.RepositoryConfigurationDelegate : Bootstrapping Spring Data JPA repositories in DEFAULT mode.
2026-01-21T09:41:32.937+01:00  INFO 15892 --- [psep-ut4-api-server] [main] .s.d.r.c.RepositoryConfigurationDelegate : Finished Spring Data repository scanning in 32 ms. Found 2 JPA repository interfaces.
2026-01-21T09:41:33.196+01:00  INFO 15892 --- [psep-ut4-api-server] [main] o.s.b.w.embedded.tomcat.TomcatWebServer  : Tomcat initialized with port 8081 (http)
2026-01-21T09:41:33.203+01:00  INFO 15892 --- [psep-ut4-api-server] [main] o.apache.catalina.core.StandardService   : Starting service [Tomcat]
2026-01-21T09:41:33.203+01:00  INFO 15892 --- [psep-ut4-api-server] [main] o.apache.catalina.core.StandardEngine    : Starting Servlet engine: [Apache Tomcat/10.1.26]
2026-01-21T09:41:33.232+01:00  INFO 15892 --- [psep-ut4-api-server] [main] o.a.c.c.C.[Tomcat].[localhost].[/]       : Initializing Spring embedded WebApplicationContext
2026-01-21T09:41:33.232+01:00  INFO 15892 --- [psep-ut4-api-server] [main] w.s.c.ServletWebServerApplicationContext : Root WebApplicationContext: initialization completed in 656 ms
2026-01-21T09:41:33.306+01:00  INFO 15892 --- [psep-ut4-api-server] [main] o.hibernate.jpa.internal.util.LogHelper  : HHH000204: Processing PersistenceUnitInfo [name: default]
2026-01-21T09:41:33.339+01:00  INFO 15892 --- [psep-ut4-api-server] [main] org.hibernate.Version                    : HHH000412: Hibernate ORM core version 6.5.2.Final
2026-01-21T09:41:33.356+01:00  INFO 15892 --- [psep-ut4-api-server] [main] o.h.c.internal.RegionFactoryInitiator    : HHH000026: Second-level cache disabled
2026-01-21T09:41:33.526+01:00  INFO 15892 --- [psep-ut4-api-server] [main] o.s.o.j.p.SpringPersistenceUnitInfo      : No LoadTimeWeaver setup: ignoring JPA class transformer
2026-01-21T09:41:33.540+01:00  INFO 15892 --- [psep-ut4-api-server] [main] com.zaxxer.hikari.HikariDataSource       : HikariPool-1 - Starting...
2026-01-21T09:41:33.750+01:00  INFO 15892 --- [psep-ut4-api-server] [main] com.zaxxer.hikari.pool.HikariPool        : HikariPool-1 - Added connection com.mysql.cj.jdbc.ConnectionImpl@2913ca3e
2026-01-21T09:41:33.751+01:00  INFO 15892 --- [psep-ut4-api-server] [main] com.zaxxer.hikari.HikariDataSource       : HikariPool-1 - Start completed.
2026-01-21T09:41:34.356+01:00  INFO 15892 --- [psep-ut4-api-server] [main] o.h.e.t.j.p.i.JtaPlatformInitiator       : HHH000489: No JTA platform available (set 'hibernate.transaction.jta.platform' to enable JTA platform integration)
2026-01-21T09:41:34.370+01:00  WARN 15892 --- [psep-ut4-api-server] [main] o.h.t.s.i.ExceptionHandlerLoggedImpl     : GenerationTarget encountered exception accepting command : Error executing DDL "alter table reviews drop foreign key FK4vmuw1wktrkx0nwltguf3cyyn" via JDBC [Table 'psep_ut4.reviews' doesn't exist]

org.hibernate.tool.schema.spi.CommandAcceptanceException: Error executing DDL "alter table reviews drop foreign key FK4vmuw1wktrkx0nwltguf3cyyn" via JDBC [Table 'psep_ut4.reviews' doesn't exist]
	at org.hibernate.tool.schema.internal.exec.GenerationTargetToDatabase.accept(GenerationTargetToDatabase.java:94) ~[hibernate-core-6.5.2.Final.jar:6.5.2.Final]
	at org.hibernate.tool.schema.internal.Helper.applySqlString(Helper.java:233) ~[hibernate-core-6.5.2.Final.jar:6.5.2.Final]
	at org.hibernate.tool.schema.internal.Helper.applySqlStrings(Helper.java:217) ~[hibernate-core-6.5.2.Final.jar:6.5.2.Final]
	at org.hibernate.tool.schema.internal.SchemaDropperImpl.applyConstraintDropping(SchemaDropperImpl.java:476) ~[hibernate-core-6.5.2.Final.jar:6.5.2.Final]
	at org.hibernate.tool.schema.internal.SchemaDropperImpl.dropConstraintsTablesSequences(SchemaDropperImpl.java:242) ~[hibernate-core-6.5.2.Final.jar:6.5.2.Final]
	at org.hibernate.tool.schema.internal.SchemaDropperImpl.dropFromMetadata(SchemaDropperImpl.java:215) ~[hibernate-core-6.5.2.Final.jar:6.5.2.Final]
	at org.hibernate.tool.schema.internal.SchemaDropperImpl.performDrop(SchemaDropperImpl.java:185) ~[hibernate-core-6.5.2.Final.jar:6.5.2.Final]
	at org.hibernate.tool.schema.internal.SchemaDropperImpl.doDrop(SchemaDropperImpl.java:155) ~[hibernate-core-6.5.2.Final.jar:6.5.2.Final]
	at org.hibernate.tool.schema.internal.SchemaDropperImpl.doDrop(SchemaDropperImpl.java:115) ~[hibernate-core-6.5.2.Final.jar:6.5.2.Final]
	at org.hibernate.tool.schema.spi.SchemaManagementToolCoordinator.performDatabaseAction(SchemaManagementToolCoordinator.java:238) ~[hibernate-core-6.5.2.Final.jar:6.5.2.Final]
	at org.hibernate.tool.schema.spi.SchemaManagementToolCoordinator.lambda$process$5(SchemaManagementToolCoordinator.java:144) ~[hibernate-core-6.5.2.Final.jar:6.5.2.Final]
	at java.base/java.util.HashMap.forEach(HashMap.java:1430) ~[na:na]
	at org.hibernate.tool.schema.spi.SchemaManagementToolCoordinator.process(SchemaManagementToolCoordinator.java:141) ~[hibernate-core-6.5.2.Final.jar:6.5.2.Final]
	at org.hibernate.boot.internal.SessionFactoryObserverForSchemaExport.sessionFactoryCreated(SessionFactoryObserverForSchemaExport.java:37) ~[hibernate-core-6.5.2.Final.jar:6.5.2.Final]
	at org.hibernate.internal.SessionFactoryObserverChain.sessionFactoryCreated(SessionFactoryObserverChain.java:35) ~[hibernate-core-6.5.2.Final.jar:6.5.2.Final]
	at org.hibernate.internal.SessionFactoryImpl.<init>(SessionFactoryImpl.java:322) ~[hibernate-core-6.5.2.Final.jar:6.5.2.Final]
	at org.hibernate.boot.internal.SessionFactoryBuilderImpl.build(SessionFactoryBuilderImpl.java:457) ~[hibernate-core-6.5.2.Final.jar:6.5.2.Final]
	at org.hibernate.jpa.boot.internal.EntityManagerFactoryBuilderImpl.build(EntityManagerFactoryBuilderImpl.java:1506) ~[hibernate-core-6.5.2.Final.jar:6.5.2.Final]
	at org.springframework.orm.jpa.vendor.SpringHibernateJpaPersistenceProvider.createContainerEntityManagerFactory(SpringHibernateJpaPersistenceProvider.java:75) ~[spring-orm-6.1.11.jar:6.1.11]
	at org.springframework.orm.jpa.LocalContainerEntityManagerFactoryBean.createNativeEntityManagerFactory(LocalContainerEntityManagerFactoryBean.java:390) ~[spring-orm-6.1.11.jar:6.1.11]
	at org.springframework.orm.jpa.AbstractEntityManagerFactoryBean.buildNativeEntityManagerFactory(AbstractEntityManagerFactoryBean.java:409) ~[spring-orm-6.1.11.jar:6.1.11]
	at org.springframework.orm.jpa.AbstractEntityManagerFactoryBean.afterPropertiesSet(AbstractEntityManagerFactoryBean.java:396) ~[spring-orm-6.1.11.jar:6.1.11]
	at org.springframework.orm.jpa.LocalContainerEntityManagerFactoryBean.afterPropertiesSet(LocalContainerEntityManagerFactoryBean.java:366) ~[spring-orm-6.1.11.jar:6.1.11]
	at org.springframework.beans.factory.support.AbstractAutowireCapableBeanFactory.invokeInitMethods(AbstractAutowireCapableBeanFactory.java:1853) ~[spring-beans-6.1.11.jar:6.1.11]
	at org.springframework.beans.factory.support.AbstractAutowireCapableBeanFactory.initializeBean(AbstractAutowireCapableBeanFactory.java:1802) ~[spring-beans-6.1.11.jar:6.1.11]
	at org.springframework.beans.factory.support.AbstractAutowireCapableBeanFactory.doCreateBean(AbstractAutowireCapableBeanFactory.java:600) ~[spring-beans-6.1.11.jar:6.1.11]
	at org.springframework.beans.factory.support.AbstractAutowireCapableBeanFactory.createBean(AbstractAutowireCapableBeanFactory.java:522) ~[spring-beans-6.1.11.jar:6.1.11]
	at org.springframework.beans.factory.support.AbstractBeanFactory.lambda$doGetBean$0(AbstractBeanFactory.java:337) ~[spring-beans-6.1.11.jar:6.1.11]
	at org.springframework.beans.factory.support.DefaultSingletonBeanRegistry.getSingleton(DefaultSingletonBeanRegistry.java:234) ~[spring-beans-6.1.11.jar:6.1.11]
	at org.springframework.beans.factory.support.AbstractBeanFactory.doGetBean(AbstractBeanFactory.java:335) ~[spring-beans-6.1.11.jar:6.1.11]
	at org.springframework.beans.factory.support.AbstractBeanFactory.getBean(AbstractBeanFactory.java:205) ~[spring-beans-6.1.11.jar:6.1.11]
	at org.springframework.context.support.AbstractApplicationContext.finishBeanFactoryInitialization(AbstractApplicationContext.java:954) ~[spring-context-6.1.11.jar:6.1.11]
	at org.springframework.context.support.AbstractApplicationContext.refresh(AbstractApplicationContext.java:625) ~[spring-context-6.1.11.jar:6.1.11]
	at org.springframework.boot.web.servlet.context.ServletWebServerApplicationContext.refresh(ServletWebServerApplicationContext.java:146) ~[spring-boot-3.3.2.jar:3.3.2]
	at org.springframework.boot.SpringApplication.refresh(SpringApplication.java:754) ~[spring-boot-3.3.2.jar:3.3.2]
	at org.springframework.boot.SpringApplication.refreshContext(SpringApplication.java:456) ~[spring-boot-3.3.2.jar:3.3.2]
	at org.springframework.boot.SpringApplication.run(SpringApplication.java:335) ~[spring-boot-3.3.2.jar:3.3.2]
	at org.springframework.boot.SpringApplication.run(SpringApplication.java:1363) ~[spring-boot-3.3.2.jar:3.3.2]
	at org.springframework.boot.SpringApplication.run(SpringApplication.java:1352) ~[spring-boot-3.3.2.jar:3.3.2]
	at com.example.psep_ut4_api_server.server.PsepUt4ApiServerApplication.main(PsepUt4ApiServerApplication.java:10) ~[classes/:na]
Caused by: java.sql.SQLSyntaxErrorException: Table 'psep_ut4.reviews' doesn't exist
	at com.mysql.cj.jdbc.exceptions.SQLError.createSQLException(SQLError.java:121) ~[mysql-connector-j-8.3.0.jar:8.3.0]
	at com.mysql.cj.jdbc.exceptions.SQLExceptionsMapping.translateException(SQLExceptionsMapping.java:122) ~[mysql-connector-j-8.3.0.jar:8.3.0]
	at com.mysql.cj.jdbc.StatementImpl.executeInternal(StatementImpl.java:770) ~[mysql-connector-j-8.3.0.jar:8.3.0]
	at com.mysql.cj.jdbc.StatementImpl.execute(StatementImpl.java:653) ~[mysql-connector-j-8.3.0.jar:8.3.0]
	at com.zaxxer.hikari.pool.ProxyStatement.execute(ProxyStatement.java:94) ~[HikariCP-5.1.0.jar:na]
	at com.zaxxer.hikari.pool.HikariProxyStatement.execute(HikariProxyStatement.java) ~[HikariCP-5.1.0.jar:na]
	at org.hibernate.tool.schema.internal.exec.GenerationTargetToDatabase.accept(GenerationTargetToDatabase.java:80) ~[hibernate-core-6.5.2.Final.jar:6.5.2.Final]
	... 39 common frames omitted

2026-01-21T09:41:34.467+01:00  INFO 15892 --- [psep-ut4-api-server] [main] j.LocalContainerEntityManagerFactoryBean : Initialized JPA EntityManagerFactory for persistence unit 'default'
2026-01-21T09:41:34.710+01:00  WARN 15892 --- [psep-ut4-api-server] [main] JpaBaseConfiguration$JpaWebConfiguration : spring.jpa.open-in-view is enabled by default. Therefore, database queries may be performed during view rendering. Explicitly configure spring.jpa.open-in-view to disable this warning
2026-01-21T09:41:34.916+01:00  INFO 15892 --- [psep-ut4-api-server] [main] o.s.b.w.embedded.tomcat.TomcatWebServer  : Tomcat started on port 8081 (http) with context path '/'
2026-01-21T09:41:34.922+01:00  INFO 15892 --- [psep-ut4-api-server] [main] c.e.p.s.PsepUt4ApiServerApplication      : Started PsepUt4ApiServerApplication in 2.628 seconds (process running for 2.979)
2026-01-21T09:42:19.067+01:00  INFO 15892 --- [psep-ut4-api-server] [SpringApplicationShutdownHook] j.LocalContainerEntityManagerFactoryBean : Closing JPA EntityManagerFactory for persistence unit 'default'
2026-01-21T09:42:19.071+01:00 ERROR 15892 --- [psep-ut4-api-server] [SpringApplicationShutdownHook] .SchemaDropperImpl$DelayedDropActionImpl : HHH000478: Unsuccessful: alter table reviews drop foreign key FK4vmuw1wktrkx0nwltguf3cyyn
2026-01-21T09:42:19.076+01:00  INFO 15892 --- [psep-ut4-api-server] [SpringApplicationShutdownHook] com.zaxxer.hikari.HikariDataSource       : HikariPool-1 - Shutdown initiated...
2026-01-21T09:42:19.081+01:00  INFO 15892 --- [psep-ut4-api-server] [SpringApplicationShutdownHook] com.zaxxer.hikari.HikariDataSource       : HikariPool-1 - Shutdown completed.
2026-01-21T09:42:20.497+01:00  INFO 7512 --- [psep-ut4-api-server] [main] c.e.p.s.PsepUt4ApiServerApplication      : Starting PsepUt4ApiServerApplication using Java 25 with PID 7512 (C:\Users\jberrojalo1\Documents\GitHub\DAM2A\PSEP\UT4\UT4_A1\psep-ut4-api-server\psep-ut4-api-server\target\classes started by jberrojalo1 in C:\Users\jberrojalo1\Documents\GitHub\DAM2A\PSEP\UT4\UT4_A1)
2026-01-21T09:42:20.498+01:00  INFO 7512 --- [psep-ut4-api-server] [main] c.e.p.s.PsepUt4ApiServerApplication      : No active profile set, falling back to 1 default profile: "default"
2026-01-21T09:42:20.854+01:00  INFO 7512 --- [psep-ut4-api-server] [main] .s.d.r.c.RepositoryConfigurationDelegate : Bootstrapping Spring Data JPA repositories in DEFAULT mode.
2026-01-21T09:42:20.883+01:00  INFO 7512 --- [psep-ut4-api-server] [main] .s.d.r.c.RepositoryConfigurationDelegate : Finished Spring Data repository scanning in 25 ms. Found 2 JPA repository interfaces.
2026-01-21T09:42:21.159+01:00  INFO 7512 --- [psep-ut4-api-server] [main] o.s.b.w.embedded.tomcat.TomcatWebServer  : Tomcat initialized with port 8081 (http)
2026-01-21T09:42:21.165+01:00  INFO 7512 --- [psep-ut4-api-server] [main] o.apache.catalina.core.StandardService   : Starting service [Tomcat]
2026-01-21T09:42:21.166+01:00  INFO 7512 --- [psep-ut4-api-server] [main] o.apache.catalina.core.StandardEngine    : Starting Servlet engine: [Apache Tomcat/10.1.26]
2026-01-21T09:42:21.193+01:00  INFO 7512 --- [psep-ut4-api-server] [main] o.a.c.c.C.[Tomcat].[localhost].[/]       : Initializing Spring embedded WebApplicationContext
2026-01-21T09:42:21.194+01:00  INFO 7512 --- [psep-ut4-api-server] [main] w.s.c.ServletWebServerApplicationContext : Root WebApplicationContext: initialization completed in 666 ms
2026-01-21T09:42:21.264+01:00  INFO 7512 --- [psep-ut4-api-server] [main] o.hibernate.jpa.internal.util.LogHelper  : HHH000204: Processing PersistenceUnitInfo [name: default]
2026-01-21T09:42:21.289+01:00  INFO 7512 --- [psep-ut4-api-server] [main] org.hibernate.Version                    : HHH000412: Hibernate ORM core version 6.5.2.Final
2026-01-21T09:42:21.313+01:00  INFO 7512 --- [psep-ut4-api-server] [main] o.h.c.internal.RegionFactoryInitiator    : HHH000026: Second-level cache disabled
2026-01-21T09:42:21.482+01:00  INFO 7512 --- [psep-ut4-api-server] [main] o.s.o.j.p.SpringPersistenceUnitInfo      : No LoadTimeWeaver setup: ignoring JPA class transformer
2026-01-21T09:42:21.495+01:00  INFO 7512 --- [psep-ut4-api-server] [main] com.zaxxer.hikari.HikariDataSource       : HikariPool-1 - Starting...
2026-01-21T09:42:21.689+01:00  INFO 7512 --- [psep-ut4-api-server] [main] com.zaxxer.hikari.pool.HikariPool        : HikariPool-1 - Added connection com.mysql.cj.jdbc.ConnectionImpl@2913ca3e
2026-01-21T09:42:21.691+01:00  INFO 7512 --- [psep-ut4-api-server] [main] com.zaxxer.hikari.HikariDataSource       : HikariPool-1 - Start completed.
2026-01-21T09:42:22.245+01:00  INFO 7512 --- [psep-ut4-api-server] [main] o.h.e.t.j.p.i.JtaPlatformInitiator       : HHH000489: No JTA platform available (set 'hibernate.transaction.jta.platform' to enable JTA platform integration)
2026-01-21T09:42:22.259+01:00  WARN 7512 --- [psep-ut4-api-server] [main] o.h.t.s.i.ExceptionHandlerLoggedImpl     : GenerationTarget encountered exception accepting command : Error executing DDL "alter table reviews drop foreign key FK4vmuw1wktrkx0nwltguf3cyyn" via JDBC [Table 'psep_ut4.reviews' doesn't exist]

org.hibernate.tool.schema.spi.CommandAcceptanceException: Error executing DDL "alter table reviews drop foreign key FK4vmuw1wktrkx0nwltguf3cyyn" via JDBC [Table 'psep_ut4.reviews' doesn't exist]
	at org.hibernate.tool.schema.internal.exec.GenerationTargetToDatabase.accept(GenerationTargetToDatabase.java:94) ~[hibernate-core-6.5.2.Final.jar:6.5.2.Final]
	at org.hibernate.tool.schema.internal.Helper.applySqlString(Helper.java:233) ~[hibernate-core-6.5.2.Final.jar:6.5.2.Final]
	at org.hibernate.tool.schema.internal.Helper.applySqlStrings(Helper.java:217) ~[hibernate-core-6.5.2.Final.jar:6.5.2.Final]
	at org.hibernate.tool.schema.internal.SchemaDropperImpl.applyConstraintDropping(SchemaDropperImpl.java:476) ~[hibernate-core-6.5.2.Final.jar:6.5.2.Final]
	at org.hibernate.tool.schema.internal.SchemaDropperImpl.dropConstraintsTablesSequences(SchemaDropperImpl.java:242) ~[hibernate-core-6.5.2.Final.jar:6.5.2.Final]
	at org.hibernate.tool.schema.internal.SchemaDropperImpl.dropFromMetadata(SchemaDropperImpl.java:215) ~[hibernate-core-6.5.2.Final.jar:6.5.2.Final]
	at org.hibernate.tool.schema.internal.SchemaDropperImpl.performDrop(SchemaDropperImpl.java:185) ~[hibernate-core-6.5.2.Final.jar:6.5.2.Final]
	at org.hibernate.tool.schema.internal.SchemaDropperImpl.doDrop(SchemaDropperImpl.java:155) ~[hibernate-core-6.5.2.Final.jar:6.5.2.Final]
	at org.hibernate.tool.schema.internal.SchemaDropperImpl.doDrop(SchemaDropperImpl.java:115) ~[hibernate-core-6.5.2.Final.jar:6.5.2.Final]
	at org.hibernate.tool.schema.spi.SchemaManagementToolCoordinator.performDatabaseAction(SchemaManagementToolCoordinator.java:238) ~[hibernate-core-6.5.2.Final.jar:6.5.2.Final]
	at org.hibernate.tool.schema.spi.SchemaManagementToolCoordinator.lambda$process$5(SchemaManagementToolCoordinator.java:144) ~[hibernate-core-6.5.2.Final.jar:6.5.2.Final]
	at java.base/java.util.HashMap.forEach(HashMap.java:1430) ~[na:na]
	at org.hibernate.tool.schema.spi.SchemaManagementToolCoordinator.process(SchemaManagementToolCoordinator.java:141) ~[hibernate-core-6.5.2.Final.jar:6.5.2.Final]
	at org.hibernate.boot.internal.SessionFactoryObserverForSchemaExport.sessionFactoryCreated(SessionFactoryObserverForSchemaExport.java:37) ~[hibernate-core-6.5.2.Final.jar:6.5.2.Final]
	at org.hibernate.internal.SessionFactoryObserverChain.sessionFactoryCreated(SessionFactoryObserverChain.java:35) ~[hibernate-core-6.5.2.Final.jar:6.5.2.Final]
	at org.hibernate.internal.SessionFactoryImpl.<init>(SessionFactoryImpl.java:322) ~[hibernate-core-6.5.2.Final.jar:6.5.2.Final]
	at org.hibernate.boot.internal.SessionFactoryBuilderImpl.build(SessionFactoryBuilderImpl.java:457) ~[hibernate-core-6.5.2.Final.jar:6.5.2.Final]
	at org.hibernate.jpa.boot.internal.EntityManagerFactoryBuilderImpl.build(EntityManagerFactoryBuilderImpl.java:1506) ~[hibernate-core-6.5.2.Final.jar:6.5.2.Final]
	at org.springframework.orm.jpa.vendor.SpringHibernateJpaPersistenceProvider.createContainerEntityManagerFactory(SpringHibernateJpaPersistenceProvider.java:75) ~[spring-orm-6.1.11.jar:6.1.11]
	at org.springframework.orm.jpa.LocalContainerEntityManagerFactoryBean.createNativeEntityManagerFactory(LocalContainerEntityManagerFactoryBean.java:390) ~[spring-orm-6.1.11.jar:6.1.11]
	at org.springframework.orm.jpa.AbstractEntityManagerFactoryBean.buildNativeEntityManagerFactory(AbstractEntityManagerFactoryBean.java:409) ~[spring-orm-6.1.11.jar:6.1.11]
	at org.springframework.orm.jpa.AbstractEntityManagerFactoryBean.afterPropertiesSet(AbstractEntityManagerFactoryBean.java:396) ~[spring-orm-6.1.11.jar:6.1.11]
	at org.springframework.orm.jpa.LocalContainerEntityManagerFactoryBean.afterPropertiesSet(LocalContainerEntityManagerFactoryBean.java:366) ~[spring-orm-6.1.11.jar:6.1.11]
	at org.springframework.beans.factory.support.AbstractAutowireCapableBeanFactory.invokeInitMethods(AbstractAutowireCapableBeanFactory.java:1853) ~[spring-beans-6.1.11.jar:6.1.11]
	at org.springframework.beans.factory.support.AbstractAutowireCapableBeanFactory.initializeBean(AbstractAutowireCapableBeanFactory.java:1802) ~[spring-beans-6.1.11.jar:6.1.11]
	at org.springframework.beans.factory.support.AbstractAutowireCapableBeanFactory.doCreateBean(AbstractAutowireCapableBeanFactory.java:600) ~[spring-beans-6.1.11.jar:6.1.11]
	at org.springframework.beans.factory.support.AbstractAutowireCapableBeanFactory.createBean(AbstractAutowireCapableBeanFactory.java:522) ~[spring-beans-6.1.11.jar:6.1.11]
	at org.springframework.beans.factory.support.AbstractBeanFactory.lambda$doGetBean$0(AbstractBeanFactory.java:337) ~[spring-beans-6.1.11.jar:6.1.11]
	at org.springframework.beans.factory.support.DefaultSingletonBeanRegistry.getSingleton(DefaultSingletonBeanRegistry.java:234) ~[spring-beans-6.1.11.jar:6.1.11]
	at org.springframework.beans.factory.support.AbstractBeanFactory.doGetBean(AbstractBeanFactory.java:335) ~[spring-beans-6.1.11.jar:6.1.11]
	at org.springframework.beans.factory.support.AbstractBeanFactory.getBean(AbstractBeanFactory.java:205) ~[spring-beans-6.1.11.jar:6.1.11]
	at org.springframework.context.support.AbstractApplicationContext.finishBeanFactoryInitialization(AbstractApplicationContext.java:954) ~[spring-context-6.1.11.jar:6.1.11]
	at org.springframework.context.support.AbstractApplicationContext.refresh(AbstractApplicationContext.java:625) ~[spring-context-6.1.11.jar:6.1.11]
	at org.springframework.boot.web.servlet.context.ServletWebServerApplicationContext.refresh(ServletWebServerApplicationContext.java:146) ~[spring-boot-3.3.2.jar:3.3.2]
	at org.springframework.boot.SpringApplication.refresh(SpringApplication.java:754) ~[spring-boot-3.3.2.jar:3.3.2]
	at org.springframework.boot.SpringApplication.refreshContext(SpringApplication.java:456) ~[spring-boot-3.3.2.jar:3.3.2]
	at org.springframework.boot.SpringApplication.run(SpringApplication.java:335) ~[spring-boot-3.3.2.jar:3.3.2]
	at org.springframework.boot.SpringApplication.run(SpringApplication.java:1363) ~[spring-boot-3.3.2.jar:3.3.2]
	at org.springframework.boot.SpringApplication.run(SpringApplication.java:1352) ~[spring-boot-3.3.2.jar:3.3.2]
	at com.example.psep_ut4_api_server.server.PsepUt4ApiServerApplication.main(PsepUt4ApiServerApplication.java:10) ~[classes/:na]
Caused by: java.sql.SQLSyntaxErrorException: Table 'psep_ut4.reviews' doesn't exist
	at com.mysql.cj.jdbc.exceptions.SQLError.createSQLException(SQLError.java:121) ~[mysql-connector-j-8.3.0.jar:8.3.0]
	at com.mysql.cj.jdbc.exceptions.SQLExceptionsMapping.translateException(SQLExceptionsMapping.java:122) ~[mysql-connector-j-8.3.0.jar:8.3.0]
	at com.mysql.cj.jdbc.StatementImpl.executeInternal(StatementImpl.java:770) ~[mysql-connector-j-8.3.0.jar:8.3.0]
	at com.mysql.cj.jdbc.StatementImpl.execute(StatementImpl.java:653) ~[mysql-connector-j-8.3.0.jar:8.3.0]
	at com.zaxxer.hikari.pool.ProxyStatement.execute(ProxyStatement.java:94) ~[HikariCP-5.1.0.jar:na]
	at com.zaxxer.hikari.pool.HikariProxyStatement.execute(HikariProxyStatement.java) ~[HikariCP-5.1.0.jar:na]
	at org.hibernate.tool.schema.internal.exec.GenerationTargetToDatabase.accept(GenerationTargetToDatabase.java:80) ~[hibernate-core-6.5.2.Final.jar:6.5.2.Final]
	... 39 common frames omitted

2026-01-21T09:42:22.360+01:00  INFO 7512 --- [psep-ut4-api-server] [main] j.LocalContainerEntityManagerFactoryBean : Initialized JPA EntityManagerFactory for persistence unit 'default'
2026-01-21T09:42:22.590+01:00  WARN 7512 --- [psep-ut4-api-server] [main] JpaBaseConfiguration$JpaWebConfiguration : spring.jpa.open-in-view is enabled by default. Therefore, database queries may be performed during view rendering. Explicitly configure spring.jpa.open-in-view to disable this warning
2026-01-21T09:42:22.813+01:00  INFO 7512 --- [psep-ut4-api-server] [main] o.s.b.w.embedded.tomcat.TomcatWebServer  : Tomcat started on port 8081 (http) with context path '/'
2026-01-21T09:42:22.823+01:00  INFO 7512 --- [psep-ut4-api-server] [main] c.e.p.s.PsepUt4ApiServerApplication      : Started PsepUt4ApiServerApplication in 2.584 seconds (process running for 2.966)
2026-01-21T09:42:33.780+01:00  INFO 7512 --- [psep-ut4-api-server] [SpringApplicationShutdownHook] j.LocalContainerEntityManagerFactoryBean : Closing JPA EntityManagerFactory for persistence unit 'default'
2026-01-21T09:42:33.810+01:00  INFO 7512 --- [psep-ut4-api-server] [SpringApplicationShutdownHook] com.zaxxer.hikari.HikariDataSource       : HikariPool-1 - Shutdown initiated...
2026-01-21T09:42:33.813+01:00  INFO 7512 --- [psep-ut4-api-server] [SpringApplicationShutdownHook] com.zaxxer.hikari.HikariDataSource       : HikariPool-1 - Shutdown completed.
2026-01-21T09:42:49.349+01:00  INFO 16324 --- [psep-ut4-api-server] [main] c.e.p.s.PsepUt4ApiServerApplication      : Starting PsepUt4ApiServerApplication using Java 25 with PID 16324 (C:\Users\jberrojalo1\Documents\GitHub\DAM2A\PSEP\UT4\UT4_A1\psep-ut4-api-server\psep-ut4-api-server\target\classes started by jberrojalo1 in C:\Users\jberrojalo1\Documents\GitHub\DAM2A\PSEP\UT4\UT4_A1)
2026-01-21T09:42:49.351+01:00  INFO 16324 --- [psep-ut4-api-server] [main] c.e.p.s.PsepUt4ApiServerApplication      : No active profile set, falling back to 1 default profile: "default"
2026-01-21T09:42:49.710+01:00  INFO 16324 --- [psep-ut4-api-server] [main] .s.d.r.c.RepositoryConfigurationDelegate : Bootstrapping Spring Data JPA repositories in DEFAULT mode.
2026-01-21T09:42:49.748+01:00  INFO 16324 --- [psep-ut4-api-server] [main] .s.d.r.c.RepositoryConfigurationDelegate : Finished Spring Data repository scanning in 33 ms. Found 2 JPA repository interfaces.
2026-01-21T09:42:50.005+01:00  INFO 16324 --- [psep-ut4-api-server] [main] o.s.b.w.embedded.tomcat.TomcatWebServer  : Tomcat initialized with port 8081 (http)
2026-01-21T09:42:50.012+01:00  INFO 16324 --- [psep-ut4-api-server] [main] o.apache.catalina.core.StandardService   : Starting service [Tomcat]
2026-01-21T09:42:50.013+01:00  INFO 16324 --- [psep-ut4-api-server] [main] o.apache.catalina.core.StandardEngine    : Starting Servlet engine: [Apache Tomcat/10.1.26]
2026-01-21T09:42:50.040+01:00  INFO 16324 --- [psep-ut4-api-server] [main] o.a.c.c.C.[Tomcat].[localhost].[/]       : Initializing Spring embedded WebApplicationContext
2026-01-21T09:42:50.041+01:00  INFO 16324 --- [psep-ut4-api-server] [main] w.s.c.ServletWebServerApplicationContext : Root WebApplicationContext: initialization completed in 661 ms
2026-01-21T09:42:50.116+01:00  INFO 16324 --- [psep-ut4-api-server] [main] o.hibernate.jpa.internal.util.LogHelper  : HHH000204: Processing PersistenceUnitInfo [name: default]
2026-01-21T09:42:50.141+01:00  INFO 16324 --- [psep-ut4-api-server] [main] org.hibernate.Version                    : HHH000412: Hibernate ORM core version 6.5.2.Final
2026-01-21T09:42:50.157+01:00  INFO 16324 --- [psep-ut4-api-server] [main] o.h.c.internal.RegionFactoryInitiator    : HHH000026: Second-level cache disabled
2026-01-21T09:42:50.334+01:00  INFO 16324 --- [psep-ut4-api-server] [main] o.s.o.j.p.SpringPersistenceUnitInfo      : No LoadTimeWeaver setup: ignoring JPA class transformer
2026-01-21T09:42:50.349+01:00  INFO 16324 --- [psep-ut4-api-server] [main] com.zaxxer.hikari.HikariDataSource       : HikariPool-1 - Starting...
2026-01-21T09:42:50.548+01:00  INFO 16324 --- [psep-ut4-api-server] [main] com.zaxxer.hikari.pool.HikariPool        : HikariPool-1 - Added connection com.mysql.cj.jdbc.ConnectionImpl@7198ab9a
2026-01-21T09:42:50.549+01:00  INFO 16324 --- [psep-ut4-api-server] [main] com.zaxxer.hikari.HikariDataSource       : HikariPool-1 - Start completed.
2026-01-21T09:42:51.108+01:00  INFO 16324 --- [psep-ut4-api-server] [main] o.h.e.t.j.p.i.JtaPlatformInitiator       : HHH000489: No JTA platform available (set 'hibernate.transaction.jta.platform' to enable JTA platform integration)
2026-01-21T09:42:51.239+01:00  INFO 16324 --- [psep-ut4-api-server] [main] j.LocalContainerEntityManagerFactoryBean : Initialized JPA EntityManagerFactory for persistence unit 'default'
2026-01-21T09:42:51.447+01:00  WARN 16324 --- [psep-ut4-api-server] [main] JpaBaseConfiguration$JpaWebConfiguration : spring.jpa.open-in-view is enabled by default. Therefore, database queries may be performed during view rendering. Explicitly configure spring.jpa.open-in-view to disable this warning
2026-01-21T09:42:51.649+01:00  INFO 16324 --- [psep-ut4-api-server] [main] o.s.b.w.embedded.tomcat.TomcatWebServer  : Tomcat started on port 8081 (http) with context path '/'
2026-01-21T09:42:51.654+01:00  INFO 16324 --- [psep-ut4-api-server] [main] c.e.p.s.PsepUt4ApiServerApplication      : Started PsepUt4ApiServerApplication in 2.56 seconds (process running for 2.91)
2026-01-21T09:43:02.060+01:00  INFO 13876 --- [psep-ut4-api-server] [main] c.e.p.c.PsepUt4ApiClientApplication      : Starting PsepUt4ApiClientApplication using Java 25 with PID 13876 (C:\Users\jberrojalo1\Documents\GitHub\DAM2A\PSEP\UT4\UT4_A1\psep-ut4-api-server\psep-ut4-api-server\target\classes started by jberrojalo1 in C:\Users\jberrojalo1\Documents\GitHub\DAM2A\PSEP\UT4\UT4_A1)
2026-01-21T09:43:02.061+01:00  INFO 13876 --- [psep-ut4-api-server] [main] c.e.p.c.PsepUt4ApiClientApplication      : No active profile set, falling back to 1 default profile: "default"
2026-01-21T09:43:02.348+01:00  INFO 13876 --- [psep-ut4-api-server] [main] .s.d.r.c.RepositoryConfigurationDelegate : Bootstrapping Spring Data JPA repositories in DEFAULT mode.
2026-01-21T09:43:02.360+01:00  INFO 13876 --- [psep-ut4-api-server] [main] .s.d.r.c.RepositoryConfigurationDelegate : Finished Spring Data repository scanning in 7 ms. Found 0 JPA repository interfaces.
2026-01-21T09:43:02.549+01:00  INFO 13876 --- [psep-ut4-api-server] [main] o.hibernate.jpa.internal.util.LogHelper  : HHH000204: Processing PersistenceUnitInfo [name: default]
2026-01-21T09:43:02.575+01:00  INFO 13876 --- [psep-ut4-api-server] [main] org.hibernate.Version                    : HHH000412: Hibernate ORM core version 6.5.2.Final
2026-01-21T09:43:02.592+01:00  INFO 13876 --- [psep-ut4-api-server] [main] o.h.c.internal.RegionFactoryInitiator    : HHH000026: Second-level cache disabled
2026-01-21T09:43:02.757+01:00  INFO 13876 --- [psep-ut4-api-server] [main] o.s.o.j.p.SpringPersistenceUnitInfo      : No LoadTimeWeaver setup: ignoring JPA class transformer
2026-01-21T09:43:02.772+01:00  INFO 13876 --- [psep-ut4-api-server] [main] com.zaxxer.hikari.HikariDataSource       : HikariPool-1 - Starting...
2026-01-21T09:43:02.981+01:00  INFO 13876 --- [psep-ut4-api-server] [main] com.zaxxer.hikari.pool.HikariPool        : HikariPool-1 - Added connection com.mysql.cj.jdbc.ConnectionImpl@20440c6c
2026-01-21T09:43:02.983+01:00  INFO 13876 --- [psep-ut4-api-server] [main] com.zaxxer.hikari.HikariDataSource       : HikariPool-1 - Start completed.
2026-01-21T09:43:03.198+01:00  INFO 13876 --- [psep-ut4-api-server] [main] o.h.e.t.j.p.i.JtaPlatformInitiator       : HHH000489: No JTA platform available (set 'hibernate.transaction.jta.platform' to enable JTA platform integration)
2026-01-21T09:43:03.201+01:00  INFO 13876 --- [psep-ut4-api-server] [main] j.LocalContainerEntityManagerFactoryBean : Initialized JPA EntityManagerFactory for persistence unit 'default'
2026-01-21T09:43:03.404+01:00  INFO 13876 --- [psep-ut4-api-server] [main] c.e.p.c.PsepUt4ApiClientApplication      : Started PsepUt4ApiClientApplication in 1.61 seconds (process running for 1.976)
2026-01-21T09:43:15.564+01:00  INFO 16324 --- [psep-ut4-api-server] [http-nio-8081-exec-1] o.a.c.c.C.[Tomcat].[localhost].[/]       : Initializing Spring DispatcherServlet 'dispatcherServlet'
2026-01-21T09:43:15.564+01:00  INFO 16324 --- [psep-ut4-api-server] [http-nio-8081-exec-1] o.s.web.servlet.DispatcherServlet        : Initializing Servlet 'dispatcherServlet'
2026-01-21T09:43:15.564+01:00  INFO 16324 --- [psep-ut4-api-server] [http-nio-8081-exec-1] o.s.web.servlet.DispatcherServlet        : Completed initialization in 0 ms
2026-01-21T09:44:41.753+01:00  INFO 13876 --- [psep-ut4-api-server] [SpringApplicationShutdownHook] j.LocalContainerEntityManagerFactoryBean : Closing JPA EntityManagerFactory for persistence unit 'default'
2026-01-21T09:44:41.754+01:00  INFO 13876 --- [psep-ut4-api-server] [SpringApplicationShutdownHook] com.zaxxer.hikari.HikariDataSource       : HikariPool-1 - Shutdown initiated...
2026-01-21T09:44:41.760+01:00  INFO 13876 --- [psep-ut4-api-server] [SpringApplicationShutdownHook] com.zaxxer.hikari.HikariDataSource       : HikariPool-1 - Shutdown completed.
2026-01-21T09:44:43.052+01:00  INFO 14216 --- [psep-ut4-api-server] [main] c.e.p.c.PsepUt4ApiClientApplication      : Starting PsepUt4ApiClientApplication using Java 25 with PID 14216 (C:\Users\jberrojalo1\Documents\GitHub\DAM2A\PSEP\UT4\UT4_A1\psep-ut4-api-server\psep-ut4-api-server\target\classes started by jberrojalo1 in C:\Users\jberrojalo1\Documents\GitHub\DAM2A\PSEP\UT4\UT4_A1)
2026-01-21T09:44:43.054+01:00  INFO 14216 --- [psep-ut4-api-server] [main] c.e.p.c.PsepUt4ApiClientApplication      : No active profile set, falling back to 1 default profile: "default"
2026-01-21T09:44:43.359+01:00  INFO 14216 --- [psep-ut4-api-server] [main] .s.d.r.c.RepositoryConfigurationDelegate : Bootstrapping Spring Data JPA repositories in DEFAULT mode.
2026-01-21T09:44:43.371+01:00  INFO 14216 --- [psep-ut4-api-server] [main] .s.d.r.c.RepositoryConfigurationDelegate : Finished Spring Data repository scanning in 7 ms. Found 0 JPA repository interfaces.
2026-01-21T09:44:43.562+01:00  INFO 14216 --- [psep-ut4-api-server] [main] o.hibernate.jpa.internal.util.LogHelper  : HHH000204: Processing PersistenceUnitInfo [name: default]
2026-01-21T09:44:43.588+01:00  INFO 14216 --- [psep-ut4-api-server] [main] org.hibernate.Version                    : HHH000412: Hibernate ORM core version 6.5.2.Final
2026-01-21T09:44:43.609+01:00  INFO 14216 --- [psep-ut4-api-server] [main] o.h.c.internal.RegionFactoryInitiator    : HHH000026: Second-level cache disabled
2026-01-21T09:44:43.764+01:00  INFO 14216 --- [psep-ut4-api-server] [main] o.s.o.j.p.SpringPersistenceUnitInfo      : No LoadTimeWeaver setup: ignoring JPA class transformer
2026-01-21T09:44:43.780+01:00  INFO 14216 --- [psep-ut4-api-server] [main] com.zaxxer.hikari.HikariDataSource       : HikariPool-1 - Starting...
2026-01-21T09:44:43.990+01:00  INFO 14216 --- [psep-ut4-api-server] [main] com.zaxxer.hikari.pool.HikariPool        : HikariPool-1 - Added connection com.mysql.cj.jdbc.ConnectionImpl@284bdeed
2026-01-21T09:44:43.992+01:00  INFO 14216 --- [psep-ut4-api-server] [main] com.zaxxer.hikari.HikariDataSource       : HikariPool-1 - Start completed.
2026-01-21T09:44:44.210+01:00  INFO 14216 --- [psep-ut4-api-server] [main] o.h.e.t.j.p.i.JtaPlatformInitiator       : HHH000489: No JTA platform available (set 'hibernate.transaction.jta.platform' to enable JTA platform integration)
2026-01-21T09:44:44.213+01:00  INFO 14216 --- [psep-ut4-api-server] [main] j.LocalContainerEntityManagerFactoryBean : Initialized JPA EntityManagerFactory for persistence unit 'default'
2026-01-21T09:44:44.392+01:00  INFO 14216 --- [psep-ut4-api-server] [main] c.e.p.c.PsepUt4ApiClientApplication      : Started PsepUt4ApiClientApplication in 1.587 seconds (process running for 1.958)
2026-01-21T09:44:50.270+01:00  INFO 14216 --- [psep-ut4-api-server] [SpringApplicationShutdownHook] j.LocalContainerEntityManagerFactoryBean : Closing JPA EntityManagerFactory for persistence unit 'default'
2026-01-21T09:44:50.271+01:00  INFO 14216 --- [psep-ut4-api-server] [SpringApplicationShutdownHook] com.zaxxer.hikari.HikariDataSource       : HikariPool-1 - Shutdown initiated...
2026-01-21T09:44:50.276+01:00  INFO 16324 --- [psep-ut4-api-server] [SpringApplicationShutdownHook] j.LocalContainerEntityManagerFactoryBean : Closing JPA EntityManagerFactory for persistence unit 'default'
2026-01-21T09:44:50.277+01:00  INFO 16324 --- [psep-ut4-api-server] [SpringApplicationShutdownHook] com.zaxxer.hikari.HikariDataSource       : HikariPool-1 - Shutdown initiated...
2026-01-21T09:44:50.281+01:00  INFO 14216 --- [psep-ut4-api-server] [SpringApplicationShutdownHook] com.zaxxer.hikari.HikariDataSource       : HikariPool-1 - Shutdown completed.
2026-01-21T09:44:50.284+01:00  INFO 16324 --- [psep-ut4-api-server] [SpringApplicationShutdownHook] com.zaxxer.hikari.HikariDataSource       : HikariPool-1 - Shutdown completed.
2026-01-21T09:44:56.477+01:00  INFO 11712 --- [psep-ut4-api-server] [main] c.e.p.s.PsepUt4ApiServerApplication      : Starting PsepUt4ApiServerApplication using Java 25 with PID 11712 (C:\Users\jberrojalo1\Documents\GitHub\DAM2A\PSEP\UT4\UT4_A1\psep-ut4-api-server\psep-ut4-api-server\target\classes started by jberrojalo1 in C:\Users\jberrojalo1\Documents\GitHub\DAM2A\PSEP\UT4\UT4_A1)
2026-01-21T09:44:56.479+01:00  INFO 11712 --- [psep-ut4-api-server] [main] c.e.p.s.PsepUt4ApiServerApplication      : No active profile set, falling back to 1 default profile: "default"
2026-01-21T09:44:56.833+01:00  INFO 11712 --- [psep-ut4-api-server] [main] .s.d.r.c.RepositoryConfigurationDelegate : Bootstrapping Spring Data JPA repositories in DEFAULT mode.
2026-01-21T09:44:56.869+01:00  INFO 11712 --- [psep-ut4-api-server] [main] .s.d.r.c.RepositoryConfigurationDelegate : Finished Spring Data repository scanning in 32 ms. Found 2 JPA repository interfaces.
2026-01-21T09:44:57.139+01:00  INFO 11712 --- [psep-ut4-api-server] [main] o.s.b.w.embedded.tomcat.TomcatWebServer  : Tomcat initialized with port 8081 (http)
2026-01-21T09:44:57.147+01:00  INFO 11712 --- [psep-ut4-api-server] [main] o.apache.catalina.core.StandardService   : Starting service [Tomcat]
2026-01-21T09:44:57.147+01:00  INFO 11712 --- [psep-ut4-api-server] [main] o.apache.catalina.core.StandardEngine    : Starting Servlet engine: [Apache Tomcat/10.1.26]
2026-01-21T09:44:57.176+01:00  INFO 11712 --- [psep-ut4-api-server] [main] o.a.c.c.C.[Tomcat].[localhost].[/]       : Initializing Spring embedded WebApplicationContext
2026-01-21T09:44:57.176+01:00  INFO 11712 --- [psep-ut4-api-server] [main] w.s.c.ServletWebServerApplicationContext : Root WebApplicationContext: initialization completed in 664 ms
2026-01-21T09:44:57.254+01:00  INFO 11712 --- [psep-ut4-api-server] [main] o.hibernate.jpa.internal.util.LogHelper  : HHH000204: Processing PersistenceUnitInfo [name: default]
2026-01-21T09:44:57.281+01:00  INFO 11712 --- [psep-ut4-api-server] [main] org.hibernate.Version                    : HHH000412: Hibernate ORM core version 6.5.2.Final
2026-01-21T09:44:57.299+01:00  INFO 11712 --- [psep-ut4-api-server] [main] o.h.c.internal.RegionFactoryInitiator    : HHH000026: Second-level cache disabled
2026-01-21T09:44:57.490+01:00  INFO 11712 --- [psep-ut4-api-server] [main] o.s.o.j.p.SpringPersistenceUnitInfo      : No LoadTimeWeaver setup: ignoring JPA class transformer
2026-01-21T09:44:57.505+01:00  INFO 11712 --- [psep-ut4-api-server] [main] com.zaxxer.hikari.HikariDataSource       : HikariPool-1 - Starting...
2026-01-21T09:44:57.712+01:00  INFO 11712 --- [psep-ut4-api-server] [main] com.zaxxer.hikari.pool.HikariPool        : HikariPool-1 - Added connection com.mysql.cj.jdbc.ConnectionImpl@58cda03f
2026-01-21T09:44:57.713+01:00  INFO 11712 --- [psep-ut4-api-server] [main] com.zaxxer.hikari.HikariDataSource       : HikariPool-1 - Start completed.
2026-01-21T09:44:58.314+01:00  INFO 11712 --- [psep-ut4-api-server] [main] o.h.e.t.j.p.i.JtaPlatformInitiator       : HHH000489: No JTA platform available (set 'hibernate.transaction.jta.platform' to enable JTA platform integration)
2026-01-21T09:44:58.362+01:00  INFO 11712 --- [psep-ut4-api-server] [main] j.LocalContainerEntityManagerFactoryBean : Initialized JPA EntityManagerFactory for persistence unit 'default'
2026-01-21T09:44:58.566+01:00  WARN 11712 --- [psep-ut4-api-server] [main] JpaBaseConfiguration$JpaWebConfiguration : spring.jpa.open-in-view is enabled by default. Therefore, database queries may be performed during view rendering. Explicitly configure spring.jpa.open-in-view to disable this warning
2026-01-21T09:44:58.786+01:00  INFO 11712 --- [psep-ut4-api-server] [main] o.s.b.w.embedded.tomcat.TomcatWebServer  : Tomcat started on port 8081 (http) with context path '/'
2026-01-21T09:44:58.791+01:00  INFO 11712 --- [psep-ut4-api-server] [main] c.e.p.s.PsepUt4ApiServerApplication      : Started PsepUt4ApiServerApplication in 2.589 seconds (process running for 2.941)
2026-01-21T09:45:11.821+01:00  INFO 2036 --- [psep-ut4-api-server] [main] c.e.p.c.PsepUt4ApiClientApplication      : Starting PsepUt4ApiClientApplication using Java 25 with PID 2036 (C:\Users\jberrojalo1\Documents\GitHub\DAM2A\PSEP\UT4\UT4_A1\psep-ut4-api-server\psep-ut4-api-server\target\classes started by jberrojalo1 in C:\Users\jberrojalo1\Documents\GitHub\DAM2A\PSEP\UT4\UT4_A1)
2026-01-21T09:45:11.822+01:00  INFO 2036 --- [psep-ut4-api-server] [main] c.e.p.c.PsepUt4ApiClientApplication      : No active profile set, falling back to 1 default profile: "default"
2026-01-21T09:45:12.108+01:00  INFO 2036 --- [psep-ut4-api-server] [main] .s.d.r.c.RepositoryConfigurationDelegate : Bootstrapping Spring Data JPA repositories in DEFAULT mode.
2026-01-21T09:45:12.121+01:00  INFO 2036 --- [psep-ut4-api-server] [main] .s.d.r.c.RepositoryConfigurationDelegate : Finished Spring Data repository scanning in 8 ms. Found 0 JPA repository interfaces.
2026-01-21T09:45:12.316+01:00  INFO 2036 --- [psep-ut4-api-server] [main] o.hibernate.jpa.internal.util.LogHelper  : HHH000204: Processing PersistenceUnitInfo [name: default]
2026-01-21T09:45:12.341+01:00  INFO 2036 --- [psep-ut4-api-server] [main] org.hibernate.Version                    : HHH000412: Hibernate ORM core version 6.5.2.Final
2026-01-21T09:45:12.359+01:00  INFO 2036 --- [psep-ut4-api-server] [main] o.h.c.internal.RegionFactoryInitiator    : HHH000026: Second-level cache disabled
2026-01-21T09:45:12.523+01:00  INFO 2036 --- [psep-ut4-api-server] [main] o.s.o.j.p.SpringPersistenceUnitInfo      : No LoadTimeWeaver setup: ignoring JPA class transformer
2026-01-21T09:45:12.536+01:00  INFO 2036 --- [psep-ut4-api-server] [main] com.zaxxer.hikari.HikariDataSource       : HikariPool-1 - Starting...
2026-01-21T09:45:12.739+01:00  INFO 2036 --- [psep-ut4-api-server] [main] com.zaxxer.hikari.pool.HikariPool        : HikariPool-1 - Added connection com.mysql.cj.jdbc.ConnectionImpl@560271a1
2026-01-21T09:45:12.741+01:00  INFO 2036 --- [psep-ut4-api-server] [main] com.zaxxer.hikari.HikariDataSource       : HikariPool-1 - Start completed.
2026-01-21T09:45:12.954+01:00  INFO 2036 --- [psep-ut4-api-server] [main] o.h.e.t.j.p.i.JtaPlatformInitiator       : HHH000489: No JTA platform available (set 'hibernate.transaction.jta.platform' to enable JTA platform integration)
2026-01-21T09:45:12.957+01:00  INFO 2036 --- [psep-ut4-api-server] [main] j.LocalContainerEntityManagerFactoryBean : Initialized JPA EntityManagerFactory for persistence unit 'default'
2026-01-21T09:45:13.133+01:00  INFO 2036 --- [psep-ut4-api-server] [main] c.e.p.c.PsepUt4ApiClientApplication      : Started PsepUt4ApiClientApplication in 1.557 seconds (process running for 1.915)
2026-01-21T09:45:17.102+01:00  INFO 11712 --- [psep-ut4-api-server] [http-nio-8081-exec-1] o.a.c.c.C.[Tomcat].[localhost].[/]       : Initializing Spring DispatcherServlet 'dispatcherServlet'
2026-01-21T09:45:17.102+01:00  INFO 11712 --- [psep-ut4-api-server] [http-nio-8081-exec-1] o.s.web.servlet.DispatcherServlet        : Initializing Servlet 'dispatcherServlet'
2026-01-21T09:45:17.103+01:00  INFO 11712 --- [psep-ut4-api-server] [http-nio-8081-exec-1] o.s.web.servlet.DispatcherServlet        : Completed initialization in 1 ms
2026-01-21T09:45:50.398+01:00  INFO 2036 --- [psep-ut4-api-server] [SpringApplicationShutdownHook] j.LocalContainerEntityManagerFactoryBean : Closing JPA EntityManagerFactory for persistence unit 'default'
2026-01-21T09:45:50.400+01:00  INFO 2036 --- [psep-ut4-api-server] [SpringApplicationShutdownHook] com.zaxxer.hikari.HikariDataSource       : HikariPool-1 - Shutdown initiated...
2026-01-21T09:45:50.404+01:00  INFO 11712 --- [psep-ut4-api-server] [SpringApplicationShutdownHook] j.LocalContainerEntityManagerFactoryBean : Closing JPA EntityManagerFactory for persistence unit 'default'
2026-01-21T09:45:50.406+01:00  INFO 11712 --- [psep-ut4-api-server] [SpringApplicationShutdownHook] com.zaxxer.hikari.HikariDataSource       : HikariPool-1 - Shutdown initiated...
2026-01-21T09:45:50.407+01:00  INFO 2036 --- [psep-ut4-api-server] [SpringApplicationShutdownHook] com.zaxxer.hikari.HikariDataSource       : HikariPool-1 - Shutdown completed.
2026-01-21T09:45:50.411+01:00  INFO 11712 --- [psep-ut4-api-server] [SpringApplicationShutdownHook] com.zaxxer.hikari.HikariDataSource       : HikariPool-1 - Shutdown completed.
2026-01-21T09:45:56.162+01:00  INFO 3912 --- [psep-ut4-api-server] [main] c.e.p.s.PsepUt4ApiServerApplication      : Starting PsepUt4ApiServerApplication using Java 25 with PID 3912 (C:\Users\jberrojalo1\Documents\GitHub\DAM2A\PSEP\UT4\UT4_A1\psep-ut4-api-server\psep-ut4-api-server\target\classes started by jberrojalo1 in C:\Users\jberrojalo1\Documents\GitHub\DAM2A\PSEP\UT4\UT4_A1)
2026-01-21T09:45:56.164+01:00  INFO 3912 --- [psep-ut4-api-server] [main] c.e.p.s.PsepUt4ApiServerApplication      : No active profile set, falling back to 1 default profile: "default"
2026-01-21T09:45:56.522+01:00  INFO 3912 --- [psep-ut4-api-server] [main] .s.d.r.c.RepositoryConfigurationDelegate : Bootstrapping Spring Data JPA repositories in DEFAULT mode.
2026-01-21T09:45:56.557+01:00  INFO 3912 --- [psep-ut4-api-server] [main] .s.d.r.c.RepositoryConfigurationDelegate : Finished Spring Data repository scanning in 31 ms. Found 2 JPA repository interfaces.
2026-01-21T09:45:56.816+01:00  INFO 3912 --- [psep-ut4-api-server] [main] o.s.b.w.embedded.tomcat.TomcatWebServer  : Tomcat initialized with port 8081 (http)
2026-01-21T09:45:56.823+01:00  INFO 3912 --- [psep-ut4-api-server] [main] o.apache.catalina.core.StandardService   : Starting service [Tomcat]
2026-01-21T09:45:56.823+01:00  INFO 3912 --- [psep-ut4-api-server] [main] o.apache.catalina.core.StandardEngine    : Starting Servlet engine: [Apache Tomcat/10.1.26]
2026-01-21T09:45:56.850+01:00  INFO 3912 --- [psep-ut4-api-server] [main] o.a.c.c.C.[Tomcat].[localhost].[/]       : Initializing Spring embedded WebApplicationContext
2026-01-21T09:45:56.850+01:00  INFO 3912 --- [psep-ut4-api-server] [main] w.s.c.ServletWebServerApplicationContext : Root WebApplicationContext: initialization completed in 655 ms
2026-01-21T09:45:56.922+01:00  INFO 3912 --- [psep-ut4-api-server] [main] o.hibernate.jpa.internal.util.LogHelper  : HHH000204: Processing PersistenceUnitInfo [name: default]
2026-01-21T09:45:56.953+01:00  INFO 3912 --- [psep-ut4-api-server] [main] org.hibernate.Version                    : HHH000412: Hibernate ORM core version 6.5.2.Final
2026-01-21T09:45:56.969+01:00  INFO 3912 --- [psep-ut4-api-server] [main] o.h.c.internal.RegionFactoryInitiator    : HHH000026: Second-level cache disabled
2026-01-21T09:45:57.149+01:00  INFO 3912 --- [psep-ut4-api-server] [main] o.s.o.j.p.SpringPersistenceUnitInfo      : No LoadTimeWeaver setup: ignoring JPA class transformer
2026-01-21T09:45:57.164+01:00  INFO 3912 --- [psep-ut4-api-server] [main] com.zaxxer.hikari.HikariDataSource       : HikariPool-1 - Starting...
2026-01-21T09:45:57.363+01:00  INFO 3912 --- [psep-ut4-api-server] [main] com.zaxxer.hikari.pool.HikariPool        : HikariPool-1 - Added connection com.mysql.cj.jdbc.ConnectionImpl@2913ca3e
2026-01-21T09:45:57.365+01:00  INFO 3912 --- [psep-ut4-api-server] [main] com.zaxxer.hikari.HikariDataSource       : HikariPool-1 - Start completed.
2026-01-21T09:45:57.921+01:00  INFO 3912 --- [psep-ut4-api-server] [main] o.h.e.t.j.p.i.JtaPlatformInitiator       : HHH000489: No JTA platform available (set 'hibernate.transaction.jta.platform' to enable JTA platform integration)
2026-01-21T09:45:58.048+01:00  INFO 3912 --- [psep-ut4-api-server] [main] j.LocalContainerEntityManagerFactoryBean : Initialized JPA EntityManagerFactory for persistence unit 'default'
2026-01-21T09:45:58.256+01:00  WARN 3912 --- [psep-ut4-api-server] [main] JpaBaseConfiguration$JpaWebConfiguration : spring.jpa.open-in-view is enabled by default. Therefore, database queries may be performed during view rendering. Explicitly configure spring.jpa.open-in-view to disable this warning
2026-01-21T09:45:58.484+01:00  INFO 3912 --- [psep-ut4-api-server] [main] o.s.b.w.embedded.tomcat.TomcatWebServer  : Tomcat started on port 8081 (http) with context path '/'
2026-01-21T09:45:58.489+01:00  INFO 3912 --- [psep-ut4-api-server] [main] c.e.p.s.PsepUt4ApiServerApplication      : Started PsepUt4ApiServerApplication in 2.579 seconds (process running for 2.941)
2026-01-21T09:46:04.356+01:00  INFO 6440 --- [psep-ut4-api-server] [main] c.e.p.c.PsepUt4ApiClientApplication      : Starting PsepUt4ApiClientApplication using Java 25 with PID 6440 (C:\Users\jberrojalo1\Documents\GitHub\DAM2A\PSEP\UT4\UT4_A1\psep-ut4-api-server\psep-ut4-api-server\target\classes started by jberrojalo1 in C:\Users\jberrojalo1\Documents\GitHub\DAM2A\PSEP\UT4\UT4_A1)
2026-01-21T09:46:04.357+01:00  INFO 6440 --- [psep-ut4-api-server] [main] c.e.p.c.PsepUt4ApiClientApplication      : No active profile set, falling back to 1 default profile: "default"
2026-01-21T09:46:04.696+01:00  INFO 6440 --- [psep-ut4-api-server] [main] .s.d.r.c.RepositoryConfigurationDelegate : Bootstrapping Spring Data JPA repositories in DEFAULT mode.
2026-01-21T09:46:04.713+01:00  INFO 6440 --- [psep-ut4-api-server] [main] .s.d.r.c.RepositoryConfigurationDelegate : Finished Spring Data repository scanning in 11 ms. Found 0 JPA repository interfaces.
2026-01-21T09:46:04.971+01:00  INFO 6440 --- [psep-ut4-api-server] [main] o.hibernate.jpa.internal.util.LogHelper  : HHH000204: Processing PersistenceUnitInfo [name: default]
2026-01-21T09:46:05.002+01:00  INFO 6440 --- [psep-ut4-api-server] [main] org.hibernate.Version                    : HHH000412: Hibernate ORM core version 6.5.2.Final
2026-01-21T09:46:05.029+01:00  INFO 6440 --- [psep-ut4-api-server] [main] o.h.c.internal.RegionFactoryInitiator    : HHH000026: Second-level cache disabled
2026-01-21T09:46:05.198+01:00  INFO 6440 --- [psep-ut4-api-server] [main] o.s.o.j.p.SpringPersistenceUnitInfo      : No LoadTimeWeaver setup: ignoring JPA class transformer
2026-01-21T09:46:05.213+01:00  INFO 6440 --- [psep-ut4-api-server] [main] com.zaxxer.hikari.HikariDataSource       : HikariPool-1 - Starting...
2026-01-21T09:46:05.439+01:00  INFO 6440 --- [psep-ut4-api-server] [main] com.zaxxer.hikari.pool.HikariPool        : HikariPool-1 - Added connection com.mysql.cj.jdbc.ConnectionImpl@49cb3881
2026-01-21T09:46:05.440+01:00  INFO 6440 --- [psep-ut4-api-server] [main] com.zaxxer.hikari.HikariDataSource       : HikariPool-1 - Start completed.
2026-01-21T09:46:05.662+01:00  INFO 6440 --- [psep-ut4-api-server] [main] o.h.e.t.j.p.i.JtaPlatformInitiator       : HHH000489: No JTA platform available (set 'hibernate.transaction.jta.platform' to enable JTA platform integration)
2026-01-21T09:46:05.665+01:00  INFO 6440 --- [psep-ut4-api-server] [main] j.LocalContainerEntityManagerFactoryBean : Initialized JPA EntityManagerFactory for persistence unit 'default'
2026-01-21T09:46:05.857+01:00  INFO 6440 --- [psep-ut4-api-server] [main] c.e.p.c.PsepUt4ApiClientApplication      : Started PsepUt4ApiClientApplication in 1.743 seconds (process running for 2.108)
2026-01-21T09:46:11.085+01:00  INFO 3912 --- [psep-ut4-api-server] [http-nio-8081-exec-1] o.a.c.c.C.[Tomcat].[localhost].[/]       : Initializing Spring DispatcherServlet 'dispatcherServlet'
2026-01-21T09:46:11.085+01:00  INFO 3912 --- [psep-ut4-api-server] [http-nio-8081-exec-1] o.s.web.servlet.DispatcherServlet        : Initializing Servlet 'dispatcherServlet'
2026-01-21T09:46:11.086+01:00  INFO 3912 --- [psep-ut4-api-server] [http-nio-8081-exec-1] o.s.web.servlet.DispatcherServlet        : Completed initialization in 1 ms
2026-01-21T09:46:47.479+01:00  INFO 6440 --- [psep-ut4-api-server] [SpringApplicationShutdownHook] j.LocalContainerEntityManagerFactoryBean : Closing JPA EntityManagerFactory for persistence unit 'default'
2026-01-21T09:46:47.481+01:00  INFO 6440 --- [psep-ut4-api-server] [SpringApplicationShutdownHook] com.zaxxer.hikari.HikariDataSource       : HikariPool-1 - Shutdown initiated...
2026-01-21T09:46:47.483+01:00  INFO 3912 --- [psep-ut4-api-server] [SpringApplicationShutdownHook] j.LocalContainerEntityManagerFactoryBean : Closing JPA EntityManagerFactory for persistence unit 'default'
2026-01-21T09:46:47.485+01:00  INFO 3912 --- [psep-ut4-api-server] [SpringApplicationShutdownHook] com.zaxxer.hikari.HikariDataSource       : HikariPool-1 - Shutdown initiated...
2026-01-21T09:46:47.488+01:00  INFO 6440 --- [psep-ut4-api-server] [SpringApplicationShutdownHook] com.zaxxer.hikari.HikariDataSource       : HikariPool-1 - Shutdown completed.
2026-01-21T09:46:47.490+01:00  INFO 3912 --- [psep-ut4-api-server] [SpringApplicationShutdownHook] com.zaxxer.hikari.HikariDataSource       : HikariPool-1 - Shutdown completed.
2026-01-21T09:47:08.768+01:00  INFO 12088 --- [psep-ut4-api-server] [main] c.e.p.c.PsepUt4ApiClientApplication      : Starting PsepUt4ApiClientApplication using Java 25 with PID 12088 (C:\Users\jberrojalo1\Documents\GitHub\DAM2A\PSEP\UT4\UT4_A1\psep-ut4-api-server\psep-ut4-api-server\target\classes started by jberrojalo1 in C:\Users\jberrojalo1\Documents\GitHub\DAM2A\PSEP\UT4\UT4_A1)
2026-01-21T09:47:08.770+01:00  INFO 12088 --- [psep-ut4-api-server] [main] c.e.p.c.PsepUt4ApiClientApplication      : No active profile set, falling back to 1 default profile: "default"
2026-01-21T09:47:09.059+01:00  INFO 12088 --- [psep-ut4-api-server] [main] .s.d.r.c.RepositoryConfigurationDelegate : Bootstrapping Spring Data JPA repositories in DEFAULT mode.
2026-01-21T09:47:09.072+01:00  INFO 12088 --- [psep-ut4-api-server] [main] .s.d.r.c.RepositoryConfigurationDelegate : Finished Spring Data repository scanning in 7 ms. Found 0 JPA repository interfaces.
2026-01-21T09:47:09.265+01:00  INFO 12088 --- [psep-ut4-api-server] [main] o.hibernate.jpa.internal.util.LogHelper  : HHH000204: Processing PersistenceUnitInfo [name: default]
2026-01-21T09:47:09.294+01:00  INFO 12088 --- [psep-ut4-api-server] [main] org.hibernate.Version                    : HHH000412: Hibernate ORM core version 6.5.2.Final
2026-01-21T09:47:09.317+01:00  INFO 12088 --- [psep-ut4-api-server] [main] o.h.c.internal.RegionFactoryInitiator    : HHH000026: Second-level cache disabled
2026-01-21T09:47:09.474+01:00  INFO 12088 --- [psep-ut4-api-server] [main] o.s.o.j.p.SpringPersistenceUnitInfo      : No LoadTimeWeaver setup: ignoring JPA class transformer
2026-01-21T09:47:09.488+01:00  INFO 12088 --- [psep-ut4-api-server] [main] com.zaxxer.hikari.HikariDataSource       : HikariPool-1 - Starting...
2026-01-21T09:47:09.700+01:00  INFO 12088 --- [psep-ut4-api-server] [main] com.zaxxer.hikari.pool.HikariPool        : HikariPool-1 - Added connection com.mysql.cj.jdbc.ConnectionImpl@66f5b8fe
2026-01-21T09:47:09.702+01:00  INFO 12088 --- [psep-ut4-api-server] [main] com.zaxxer.hikari.HikariDataSource       : HikariPool-1 - Start completed.
2026-01-21T09:47:09.914+01:00  INFO 12088 --- [psep-ut4-api-server] [main] o.h.e.t.j.p.i.JtaPlatformInitiator       : HHH000489: No JTA platform available (set 'hibernate.transaction.jta.platform' to enable JTA platform integration)
2026-01-21T09:47:09.916+01:00  INFO 12088 --- [psep-ut4-api-server] [main] j.LocalContainerEntityManagerFactoryBean : Initialized JPA EntityManagerFactory for persistence unit 'default'
2026-01-21T09:47:10.075+01:00  WARN 12088 --- [psep-ut4-api-server] [main] s.c.a.AnnotationConfigApplicationContext : Exception encountered during context initialization - cancelling refresh attempt: org.springframework.beans.factory.BeanCreationException: Error creating bean with name 'dataSourceScriptDatabaseInitializer' defined in class path resource [org/springframework/boot/autoconfigure/sql/init/DataSourceInitializationConfiguration.class]: Failed to execute SQL script statement #2 of file [C:\Users\jberrojalo1\Documents\GitHub\DAM2A\PSEP\UT4\UT4_A1\psep-ut4-api-server\psep-ut4-api-server\target\classes\schema.sql]: CREATE TABLE IF NOT EXISTS reviews ( id BIGINT AUTO_INCREMENT PRIMARY KEY, autor VARCHAR(80) NOT NULL, puntuacion DECIMAL(3,1) NOT NULL, comentario VARCHAR(400) NOT NULL, fecha DATETIME NOT NULL, pelicula_id BIGINT NOT NULL, CONSTRAINT fk_reviews_pelicula FOREIGN KEY (pelicula_id) REFERENCES peliculas(id) ON DELETE CASCADE )
2026-01-21T09:47:10.076+01:00  INFO 12088 --- [psep-ut4-api-server] [main] j.LocalContainerEntityManagerFactoryBean : Closing JPA EntityManagerFactory for persistence unit 'default'
2026-01-21T09:47:10.077+01:00  INFO 12088 --- [psep-ut4-api-server] [main] com.zaxxer.hikari.HikariDataSource       : HikariPool-1 - Shutdown initiated...
2026-01-21T09:47:10.103+01:00  INFO 12088 --- [psep-ut4-api-server] [main] com.zaxxer.hikari.HikariDataSource       : HikariPool-1 - Shutdown completed.
2026-01-21T09:47:10.107+01:00  INFO 12088 --- [psep-ut4-api-server] [main] .s.b.a.l.ConditionEvaluationReportLogger : 

Error starting ApplicationContext. To display the condition evaluation report re-run your application with 'debug' enabled.
2026-01-21T09:47:10.120+01:00 ERROR 12088 --- [psep-ut4-api-server] [main] o.s.boot.SpringApplication               : Application run failed

org.springframework.beans.factory.BeanCreationException: Error creating bean with name 'dataSourceScriptDatabaseInitializer' defined in class path resource [org/springframework/boot/autoconfigure/sql/init/DataSourceInitializationConfiguration.class]: Failed to execute SQL script statement #2 of file [C:\Users\jberrojalo1\Documents\GitHub\DAM2A\PSEP\UT4\UT4_A1\psep-ut4-api-server\psep-ut4-api-server\target\classes\schema.sql]: CREATE TABLE IF NOT EXISTS reviews ( id BIGINT AUTO_INCREMENT PRIMARY KEY, autor VARCHAR(80) NOT NULL, puntuacion DECIMAL(3,1) NOT NULL, comentario VARCHAR(400) NOT NULL, fecha DATETIME NOT NULL, pelicula_id BIGINT NOT NULL, CONSTRAINT fk_reviews_pelicula FOREIGN KEY (pelicula_id) REFERENCES peliculas(id) ON DELETE CASCADE )
	at org.springframework.beans.factory.support.AbstractAutowireCapableBeanFactory.initializeBean(AbstractAutowireCapableBeanFactory.java:1806) ~[spring-beans-6.1.11.jar:6.1.11]
	at org.springframework.beans.factory.support.AbstractAutowireCapableBeanFactory.doCreateBean(AbstractAutowireCapableBeanFactory.java:600) ~[spring-beans-6.1.11.jar:6.1.11]
	at org.springframework.beans.factory.support.AbstractAutowireCapableBeanFactory.createBean(AbstractAutowireCapableBeanFactory.java:522) ~[spring-beans-6.1.11.jar:6.1.11]
	at org.springframework.beans.factory.support.AbstractBeanFactory.lambda$doGetBean$0(AbstractBeanFactory.java:337) ~[spring-beans-6.1.11.jar:6.1.11]
	at org.springframework.beans.factory.support.DefaultSingletonBeanRegistry.getSingleton(DefaultSingletonBeanRegistry.java:234) ~[spring-beans-6.1.11.jar:6.1.11]
	at org.springframework.beans.factory.support.AbstractBeanFactory.doGetBean(AbstractBeanFactory.java:335) ~[spring-beans-6.1.11.jar:6.1.11]
	at org.springframework.beans.factory.support.AbstractBeanFactory.getBean(AbstractBeanFactory.java:200) ~[spring-beans-6.1.11.jar:6.1.11]
	at org.springframework.beans.factory.support.AbstractBeanFactory.doGetBean(AbstractBeanFactory.java:313) ~[spring-beans-6.1.11.jar:6.1.11]
	at org.springframework.beans.factory.support.AbstractBeanFactory.getBean(AbstractBeanFactory.java:200) ~[spring-beans-6.1.11.jar:6.1.11]
	at org.springframework.beans.factory.support.DefaultListableBeanFactory.preInstantiateSingletons(DefaultListableBeanFactory.java:975) ~[spring-beans-6.1.11.jar:6.1.11]
	at org.springframework.context.support.AbstractApplicationContext.finishBeanFactoryInitialization(AbstractApplicationContext.java:971) ~[spring-context-6.1.11.jar:6.1.11]
	at org.springframework.context.support.AbstractApplicationContext.refresh(AbstractApplicationContext.java:625) ~[spring-context-6.1.11.jar:6.1.11]
	at org.springframework.boot.SpringApplication.refresh(SpringApplication.java:754) ~[spring-boot-3.3.2.jar:3.3.2]
	at org.springframework.boot.SpringApplication.refreshContext(SpringApplication.java:456) ~[spring-boot-3.3.2.jar:3.3.2]
	at org.springframework.boot.SpringApplication.run(SpringApplication.java:335) ~[spring-boot-3.3.2.jar:3.3.2]
	at org.springframework.boot.builder.SpringApplicationBuilder.run(SpringApplicationBuilder.java:149) ~[spring-boot-3.3.2.jar:3.3.2]
	at com.example.psep_ut4_api_server.client.PsepUt4ApiClientApplication.main(PsepUt4ApiClientApplication.java:16) ~[classes/:na]
Caused by: org.springframework.jdbc.datasource.init.ScriptStatementFailedException: Failed to execute SQL script statement #2 of file [C:\Users\jberrojalo1\Documents\GitHub\DAM2A\PSEP\UT4\UT4_A1\psep-ut4-api-server\psep-ut4-api-server\target\classes\schema.sql]: CREATE TABLE IF NOT EXISTS reviews ( id BIGINT AUTO_INCREMENT PRIMARY KEY, autor VARCHAR(80) NOT NULL, puntuacion DECIMAL(3,1) NOT NULL, comentario VARCHAR(400) NOT NULL, fecha DATETIME NOT NULL, pelicula_id BIGINT NOT NULL, CONSTRAINT fk_reviews_pelicula FOREIGN KEY (pelicula_id) REFERENCES peliculas(id) ON DELETE CASCADE )
	at org.springframework.jdbc.datasource.init.ScriptUtils.executeSqlScript(ScriptUtils.java:282) ~[spring-jdbc-6.1.11.jar:6.1.11]
	at org.springframework.jdbc.datasource.init.ResourceDatabasePopulator.populate(ResourceDatabasePopulator.java:254) ~[spring-jdbc-6.1.11.jar:6.1.11]
	at org.springframework.jdbc.datasource.init.DatabasePopulatorUtils.execute(DatabasePopulatorUtils.java:54) ~[spring-jdbc-6.1.11.jar:6.1.11]
	at org.springframework.boot.jdbc.init.DataSourceScriptDatabaseInitializer.runScripts(DataSourceScriptDatabaseInitializer.java:87) ~[spring-boot-3.3.2.jar:3.3.2]
	at org.springframework.boot.sql.init.AbstractScriptDatabaseInitializer.runScripts(AbstractScriptDatabaseInitializer.java:146) ~[spring-boot-3.3.2.jar:3.3.2]
	at org.springframework.boot.sql.init.AbstractScriptDatabaseInitializer.applyScripts(AbstractScriptDatabaseInitializer.java:108) ~[spring-boot-3.3.2.jar:3.3.2]
	at org.springframework.boot.sql.init.AbstractScriptDatabaseInitializer.applySchemaScripts(AbstractScriptDatabaseInitializer.java:98) ~[spring-boot-3.3.2.jar:3.3.2]
	at org.springframework.boot.sql.init.AbstractScriptDatabaseInitializer.initializeDatabase(AbstractScriptDatabaseInitializer.java:76) ~[spring-boot-3.3.2.jar:3.3.2]
	at org.springframework.boot.sql.init.AbstractScriptDatabaseInitializer.afterPropertiesSet(AbstractScriptDatabaseInitializer.java:66) ~[spring-boot-3.3.2.jar:3.3.2]
	at org.springframework.beans.factory.support.AbstractAutowireCapableBeanFactory.invokeInitMethods(AbstractAutowireCapableBeanFactory.java:1853) ~[spring-beans-6.1.11.jar:6.1.11]
	at org.springframework.beans.factory.support.AbstractAutowireCapableBeanFactory.initializeBean(AbstractAutowireCapableBeanFactory.java:1802) ~[spring-beans-6.1.11.jar:6.1.11]
	... 16 common frames omitted
Caused by: java.sql.SQLException: Failed to open the referenced table 'peliculas'
	at com.mysql.cj.jdbc.exceptions.SQLError.createSQLException(SQLError.java:130) ~[mysql-connector-j-8.3.0.jar:8.3.0]
	at com.mysql.cj.jdbc.exceptions.SQLExceptionsMapping.translateException(SQLExceptionsMapping.java:122) ~[mysql-connector-j-8.3.0.jar:8.3.0]
	at com.mysql.cj.jdbc.StatementImpl.executeInternal(StatementImpl.java:770) ~[mysql-connector-j-8.3.0.jar:8.3.0]
	at com.mysql.cj.jdbc.StatementImpl.execute(StatementImpl.java:653) ~[mysql-connector-j-8.3.0.jar:8.3.0]
	at com.zaxxer.hikari.pool.ProxyStatement.execute(ProxyStatement.java:94) ~[HikariCP-5.1.0.jar:na]
	at com.zaxxer.hikari.pool.HikariProxyStatement.execute(HikariProxyStatement.java) ~[HikariCP-5.1.0.jar:na]
	at org.springframework.jdbc.datasource.init.ScriptUtils.executeSqlScript(ScriptUtils.java:261) ~[spring-jdbc-6.1.11.jar:6.1.11]
	... 26 common frames omitted

2026-01-21T09:47:18.991+01:00  INFO 15340 --- [psep-ut4-api-server] [main] c.e.p.s.PsepUt4ApiServerApplication      : Starting PsepUt4ApiServerApplication using Java 25 with PID 15340 (C:\Users\jberrojalo1\Documents\GitHub\DAM2A\PSEP\UT4\UT4_A1\psep-ut4-api-server\psep-ut4-api-server\target\classes started by jberrojalo1 in C:\Users\jberrojalo1\Documents\GitHub\DAM2A\PSEP\UT4\UT4_A1)
2026-01-21T09:47:18.993+01:00  INFO 15340 --- [psep-ut4-api-server] [main] c.e.p.s.PsepUt4ApiServerApplication      : No active profile set, falling back to 1 default profile: "default"
2026-01-21T09:47:19.348+01:00  INFO 15340 --- [psep-ut4-api-server] [main] .s.d.r.c.RepositoryConfigurationDelegate : Bootstrapping Spring Data JPA repositories in DEFAULT mode.
2026-01-21T09:47:19.385+01:00  INFO 15340 --- [psep-ut4-api-server] [main] .s.d.r.c.RepositoryConfigurationDelegate : Finished Spring Data repository scanning in 32 ms. Found 2 JPA repository interfaces.
2026-01-21T09:47:19.648+01:00  INFO 15340 --- [psep-ut4-api-server] [main] o.s.b.w.embedded.tomcat.TomcatWebServer  : Tomcat initialized with port 8081 (http)
2026-01-21T09:47:19.655+01:00  INFO 15340 --- [psep-ut4-api-server] [main] o.apache.catalina.core.StandardService   : Starting service [Tomcat]
2026-01-21T09:47:19.655+01:00  INFO 15340 --- [psep-ut4-api-server] [main] o.apache.catalina.core.StandardEngine    : Starting Servlet engine: [Apache Tomcat/10.1.26]
2026-01-21T09:47:19.684+01:00  INFO 15340 --- [psep-ut4-api-server] [main] o.a.c.c.C.[Tomcat].[localhost].[/]       : Initializing Spring embedded WebApplicationContext
2026-01-21T09:47:19.685+01:00  INFO 15340 --- [psep-ut4-api-server] [main] w.s.c.ServletWebServerApplicationContext : Root WebApplicationContext: initialization completed in 662 ms
2026-01-21T09:47:19.760+01:00  INFO 15340 --- [psep-ut4-api-server] [main] o.hibernate.jpa.internal.util.LogHelper  : HHH000204: Processing PersistenceUnitInfo [name: default]
2026-01-21T09:47:19.786+01:00  INFO 15340 --- [psep-ut4-api-server] [main] org.hibernate.Version                    : HHH000412: Hibernate ORM core version 6.5.2.Final
2026-01-21T09:47:19.802+01:00  INFO 15340 --- [psep-ut4-api-server] [main] o.h.c.internal.RegionFactoryInitiator    : HHH000026: Second-level cache disabled
2026-01-21T09:47:19.977+01:00  INFO 15340 --- [psep-ut4-api-server] [main] o.s.o.j.p.SpringPersistenceUnitInfo      : No LoadTimeWeaver setup: ignoring JPA class transformer
2026-01-21T09:47:19.992+01:00  INFO 15340 --- [psep-ut4-api-server] [main] com.zaxxer.hikari.HikariDataSource       : HikariPool-1 - Starting...
2026-01-21T09:47:20.198+01:00  INFO 15340 --- [psep-ut4-api-server] [main] com.zaxxer.hikari.pool.HikariPool        : HikariPool-1 - Added connection com.mysql.cj.jdbc.ConnectionImpl@58cda03f
2026-01-21T09:47:20.200+01:00  INFO 15340 --- [psep-ut4-api-server] [main] com.zaxxer.hikari.HikariDataSource       : HikariPool-1 - Start completed.
2026-01-21T09:47:20.808+01:00  INFO 15340 --- [psep-ut4-api-server] [main] o.h.e.t.j.p.i.JtaPlatformInitiator       : HHH000489: No JTA platform available (set 'hibernate.transaction.jta.platform' to enable JTA platform integration)
2026-01-21T09:47:20.929+01:00  INFO 15340 --- [psep-ut4-api-server] [main] j.LocalContainerEntityManagerFactoryBean : Initialized JPA EntityManagerFactory for persistence unit 'default'
2026-01-21T09:47:21.146+01:00  WARN 15340 --- [psep-ut4-api-server] [main] JpaBaseConfiguration$JpaWebConfiguration : spring.jpa.open-in-view is enabled by default. Therefore, database queries may be performed during view rendering. Explicitly configure spring.jpa.open-in-view to disable this warning
2026-01-21T09:47:21.354+01:00  INFO 15340 --- [psep-ut4-api-server] [main] o.s.b.w.embedded.tomcat.TomcatWebServer  : Tomcat started on port 8081 (http) with context path '/'
2026-01-21T09:47:21.359+01:00  INFO 15340 --- [psep-ut4-api-server] [main] c.e.p.s.PsepUt4ApiServerApplication      : Started PsepUt4ApiServerApplication in 2.623 seconds (process running for 2.979)
2026-01-21T09:47:23.612+01:00  INFO 2060 --- [psep-ut4-api-server] [main] c.e.p.c.PsepUt4ApiClientApplication      : Starting PsepUt4ApiClientApplication using Java 25 with PID 2060 (C:\Users\jberrojalo1\Documents\GitHub\DAM2A\PSEP\UT4\UT4_A1\psep-ut4-api-server\psep-ut4-api-server\target\classes started by jberrojalo1 in C:\Users\jberrojalo1\Documents\GitHub\DAM2A\PSEP\UT4\UT4_A1)
2026-01-21T09:47:23.613+01:00  INFO 2060 --- [psep-ut4-api-server] [main] c.e.p.c.PsepUt4ApiClientApplication      : No active profile set, falling back to 1 default profile: "default"
2026-01-21T09:47:23.894+01:00  INFO 2060 --- [psep-ut4-api-server] [main] .s.d.r.c.RepositoryConfigurationDelegate : Bootstrapping Spring Data JPA repositories in DEFAULT mode.
2026-01-21T09:47:23.906+01:00  INFO 2060 --- [psep-ut4-api-server] [main] .s.d.r.c.RepositoryConfigurationDelegate : Finished Spring Data repository scanning in 8 ms. Found 0 JPA repository interfaces.
2026-01-21T09:47:24.102+01:00  INFO 2060 --- [psep-ut4-api-server] [main] o.hibernate.jpa.internal.util.LogHelper  : HHH000204: Processing PersistenceUnitInfo [name: default]
2026-01-21T09:47:24.128+01:00  INFO 2060 --- [psep-ut4-api-server] [main] org.hibernate.Version                    : HHH000412: Hibernate ORM core version 6.5.2.Final
2026-01-21T09:47:24.144+01:00  INFO 2060 --- [psep-ut4-api-server] [main] o.h.c.internal.RegionFactoryInitiator    : HHH000026: Second-level cache disabled
2026-01-21T09:47:24.310+01:00  INFO 2060 --- [psep-ut4-api-server] [main] o.s.o.j.p.SpringPersistenceUnitInfo      : No LoadTimeWeaver setup: ignoring JPA class transformer
2026-01-21T09:47:24.324+01:00  INFO 2060 --- [psep-ut4-api-server] [main] com.zaxxer.hikari.HikariDataSource       : HikariPool-1 - Starting...
2026-01-21T09:47:24.536+01:00  INFO 2060 --- [psep-ut4-api-server] [main] com.zaxxer.hikari.pool.HikariPool        : HikariPool-1 - Added connection com.mysql.cj.jdbc.ConnectionImpl@2c1d57bc
2026-01-21T09:47:24.537+01:00  INFO 2060 --- [psep-ut4-api-server] [main] com.zaxxer.hikari.HikariDataSource       : HikariPool-1 - Start completed.
2026-01-21T09:47:24.748+01:00  INFO 2060 --- [psep-ut4-api-server] [main] o.h.e.t.j.p.i.JtaPlatformInitiator       : HHH000489: No JTA platform available (set 'hibernate.transaction.jta.platform' to enable JTA platform integration)
2026-01-21T09:47:24.751+01:00  INFO 2060 --- [psep-ut4-api-server] [main] j.LocalContainerEntityManagerFactoryBean : Initialized JPA EntityManagerFactory for persistence unit 'default'
2026-01-21T09:47:24.925+01:00  INFO 2060 --- [psep-ut4-api-server] [main] c.e.p.c.PsepUt4ApiClientApplication      : Started PsepUt4ApiClientApplication in 1.558 seconds (process running for 1.916)
2026-01-21T09:47:32.079+01:00  INFO 15340 --- [psep-ut4-api-server] [http-nio-8081-exec-1] o.a.c.c.C.[Tomcat].[localhost].[/]       : Initializing Spring DispatcherServlet 'dispatcherServlet'
2026-01-21T09:47:32.079+01:00  INFO 15340 --- [psep-ut4-api-server] [http-nio-8081-exec-1] o.s.web.servlet.DispatcherServlet        : Initializing Servlet 'dispatcherServlet'
2026-01-21T09:47:32.081+01:00  INFO 15340 --- [psep-ut4-api-server] [http-nio-8081-exec-1] o.s.web.servlet.DispatcherServlet        : Completed initialization in 2 ms
2026-01-21T09:48:42.803+01:00  INFO 2060 --- [psep-ut4-api-server] [SpringApplicationShutdownHook] j.LocalContainerEntityManagerFactoryBean : Closing JPA EntityManagerFactory for persistence unit 'default'
2026-01-21T09:48:42.805+01:00  INFO 2060 --- [psep-ut4-api-server] [SpringApplicationShutdownHook] com.zaxxer.hikari.HikariDataSource       : HikariPool-1 - Shutdown initiated...
2026-01-21T09:48:42.812+01:00  INFO 15340 --- [psep-ut4-api-server] [SpringApplicationShutdownHook] j.LocalContainerEntityManagerFactoryBean : Closing JPA EntityManagerFactory for persistence unit 'default'
2026-01-21T09:48:42.815+01:00  INFO 15340 --- [psep-ut4-api-server] [SpringApplicationShutdownHook] com.zaxxer.hikari.HikariDataSource       : HikariPool-1 - Shutdown initiated...
2026-01-21T09:48:42.816+01:00  INFO 2060 --- [psep-ut4-api-server] [SpringApplicationShutdownHook] com.zaxxer.hikari.HikariDataSource       : HikariPool-1 - Shutdown completed.
2026-01-21T09:48:42.821+01:00  INFO 15340 --- [psep-ut4-api-server] [SpringApplicationShutdownHook] com.zaxxer.hikari.HikariDataSource       : HikariPool-1 - Shutdown completed.
2026-01-21T09:49:05.214+01:00  INFO 14796 --- [psep-ut4-api-server] [main] c.e.p.s.PsepUt4ApiServerApplication      : Starting PsepUt4ApiServerApplication using Java 25 with PID 14796 (C:\Users\jberrojalo1\Documents\GitHub\DAM2A\PSEP\UT4\UT4_A1\psep-ut4-api-server\psep-ut4-api-server\target\classes started by jberrojalo1 in C:\Users\jberrojalo1\Documents\GitHub\DAM2A\PSEP\UT4\UT4_A1)
2026-01-21T09:49:05.215+01:00  INFO 14796 --- [psep-ut4-api-server] [main] c.e.p.s.PsepUt4ApiServerApplication      : No active profile set, falling back to 1 default profile: "default"
2026-01-21T09:49:05.560+01:00  INFO 14796 --- [psep-ut4-api-server] [main] .s.d.r.c.RepositoryConfigurationDelegate : Bootstrapping Spring Data JPA repositories in DEFAULT mode.
2026-01-21T09:49:05.596+01:00  INFO 14796 --- [psep-ut4-api-server] [main] .s.d.r.c.RepositoryConfigurationDelegate : Finished Spring Data repository scanning in 32 ms. Found 2 JPA repository interfaces.
2026-01-21T09:49:05.852+01:00  INFO 14796 --- [psep-ut4-api-server] [main] o.s.b.w.embedded.tomcat.TomcatWebServer  : Tomcat initialized with port 8081 (http)
2026-01-21T09:49:05.859+01:00  INFO 14796 --- [psep-ut4-api-server] [main] o.apache.catalina.core.StandardService   : Starting service [Tomcat]
2026-01-21T09:49:05.859+01:00  INFO 14796 --- [psep-ut4-api-server] [main] o.apache.catalina.core.StandardEngine    : Starting Servlet engine: [Apache Tomcat/10.1.26]
2026-01-21T09:49:05.886+01:00  INFO 14796 --- [psep-ut4-api-server] [main] o.a.c.c.C.[Tomcat].[localhost].[/]       : Initializing Spring embedded WebApplicationContext
2026-01-21T09:49:05.886+01:00  INFO 14796 --- [psep-ut4-api-server] [main] w.s.c.ServletWebServerApplicationContext : Root WebApplicationContext: initialization completed in 639 ms
2026-01-21T09:49:05.961+01:00  INFO 14796 --- [psep-ut4-api-server] [main] o.hibernate.jpa.internal.util.LogHelper  : HHH000204: Processing PersistenceUnitInfo [name: default]
2026-01-21T09:49:05.987+01:00  INFO 14796 --- [psep-ut4-api-server] [main] org.hibernate.Version                    : HHH000412: Hibernate ORM core version 6.5.2.Final
2026-01-21T09:49:06.004+01:00  INFO 14796 --- [psep-ut4-api-server] [main] o.h.c.internal.RegionFactoryInitiator    : HHH000026: Second-level cache disabled
2026-01-21T09:49:06.179+01:00  INFO 14796 --- [psep-ut4-api-server] [main] o.s.o.j.p.SpringPersistenceUnitInfo      : No LoadTimeWeaver setup: ignoring JPA class transformer
2026-01-21T09:49:06.193+01:00  INFO 14796 --- [psep-ut4-api-server] [main] com.zaxxer.hikari.HikariDataSource       : HikariPool-1 - Starting...
2026-01-21T09:49:06.387+01:00  INFO 14796 --- [psep-ut4-api-server] [main] com.zaxxer.hikari.pool.HikariPool        : HikariPool-1 - Added connection com.mysql.cj.jdbc.ConnectionImpl@1d637673
2026-01-21T09:49:06.389+01:00  INFO 14796 --- [psep-ut4-api-server] [main] com.zaxxer.hikari.HikariDataSource       : HikariPool-1 - Start completed.
2026-01-21T09:49:07.007+01:00  INFO 14796 --- [psep-ut4-api-server] [main] o.h.e.t.j.p.i.JtaPlatformInitiator       : HHH000489: No JTA platform available (set 'hibernate.transaction.jta.platform' to enable JTA platform integration)
2026-01-21T09:49:07.133+01:00  INFO 14796 --- [psep-ut4-api-server] [main] j.LocalContainerEntityManagerFactoryBean : Initialized JPA EntityManagerFactory for persistence unit 'default'
2026-01-21T09:49:07.343+01:00  WARN 14796 --- [psep-ut4-api-server] [main] JpaBaseConfiguration$JpaWebConfiguration : spring.jpa.open-in-view is enabled by default. Therefore, database queries may be performed during view rendering. Explicitly configure spring.jpa.open-in-view to disable this warning
2026-01-21T09:49:07.593+01:00  INFO 14796 --- [psep-ut4-api-server] [main] o.s.b.w.embedded.tomcat.TomcatWebServer  : Tomcat started on port 8081 (http) with context path '/'
2026-01-21T09:49:07.598+01:00  INFO 14796 --- [psep-ut4-api-server] [main] c.e.p.s.PsepUt4ApiServerApplication      : Started PsepUt4ApiServerApplication in 2.651 seconds (process running for 3.004)
2026-01-21T09:49:28.980+01:00  INFO 3236 --- [psep-ut4-api-server] [main] c.e.p.c.PsepUt4ApiClientApplication      : Starting PsepUt4ApiClientApplication using Java 25 with PID 3236 (C:\Users\jberrojalo1\Documents\GitHub\DAM2A\PSEP\UT4\UT4_A1\psep-ut4-api-server\psep-ut4-api-server\target\classes started by jberrojalo1 in C:\Users\jberrojalo1\Documents\GitHub\DAM2A\PSEP\UT4\UT4_A1)
2026-01-21T09:49:28.982+01:00  INFO 3236 --- [psep-ut4-api-server] [main] c.e.p.c.PsepUt4ApiClientApplication      : No active profile set, falling back to 1 default profile: "default"
2026-01-21T09:49:29.263+01:00  INFO 3236 --- [psep-ut4-api-server] [main] .s.d.r.c.RepositoryConfigurationDelegate : Bootstrapping Spring Data JPA repositories in DEFAULT mode.
2026-01-21T09:49:29.274+01:00  INFO 3236 --- [psep-ut4-api-server] [main] .s.d.r.c.RepositoryConfigurationDelegate : Finished Spring Data repository scanning in 7 ms. Found 0 JPA repository interfaces.
2026-01-21T09:49:29.465+01:00  INFO 3236 --- [psep-ut4-api-server] [main] o.hibernate.jpa.internal.util.LogHelper  : HHH000204: Processing PersistenceUnitInfo [name: default]
2026-01-21T09:49:29.492+01:00  INFO 3236 --- [psep-ut4-api-server] [main] org.hibernate.Version                    : HHH000412: Hibernate ORM core version 6.5.2.Final
2026-01-21T09:49:29.508+01:00  INFO 3236 --- [psep-ut4-api-server] [main] o.h.c.internal.RegionFactoryInitiator    : HHH000026: Second-level cache disabled
2026-01-21T09:49:29.670+01:00  INFO 3236 --- [psep-ut4-api-server] [main] o.s.o.j.p.SpringPersistenceUnitInfo      : No LoadTimeWeaver setup: ignoring JPA class transformer
2026-01-21T09:49:29.684+01:00  INFO 3236 --- [psep-ut4-api-server] [main] com.zaxxer.hikari.HikariDataSource       : HikariPool-1 - Starting...
2026-01-21T09:49:29.888+01:00  INFO 3236 --- [psep-ut4-api-server] [main] com.zaxxer.hikari.pool.HikariPool        : HikariPool-1 - Added connection com.mysql.cj.jdbc.ConnectionImpl@41e9f86
2026-01-21T09:49:29.889+01:00  INFO 3236 --- [psep-ut4-api-server] [main] com.zaxxer.hikari.HikariDataSource       : HikariPool-1 - Start completed.
2026-01-21T09:49:30.098+01:00  INFO 3236 --- [psep-ut4-api-server] [main] o.h.e.t.j.p.i.JtaPlatformInitiator       : HHH000489: No JTA platform available (set 'hibernate.transaction.jta.platform' to enable JTA platform integration)
2026-01-21T09:49:30.101+01:00  INFO 3236 --- [psep-ut4-api-server] [main] j.LocalContainerEntityManagerFactoryBean : Initialized JPA EntityManagerFactory for persistence unit 'default'
2026-01-21T09:49:30.281+01:00  INFO 3236 --- [psep-ut4-api-server] [main] c.e.p.c.PsepUt4ApiClientApplication      : Started PsepUt4ApiClientApplication in 1.54 seconds (process running for 1.897)
2026-01-21T09:49:38.152+01:00  INFO 14796 --- [psep-ut4-api-server] [http-nio-8081-exec-1] o.a.c.c.C.[Tomcat].[localhost].[/]       : Initializing Spring DispatcherServlet 'dispatcherServlet'
2026-01-21T09:49:38.152+01:00  INFO 14796 --- [psep-ut4-api-server] [http-nio-8081-exec-1] o.s.web.servlet.DispatcherServlet        : Initializing Servlet 'dispatcherServlet'
2026-01-21T09:49:38.153+01:00  INFO 14796 --- [psep-ut4-api-server] [http-nio-8081-exec-1] o.s.web.servlet.DispatcherServlet        : Completed initialization in 1 ms
2026-01-21T09:51:16.703+01:00  INFO 3236 --- [psep-ut4-api-server] [SpringApplicationShutdownHook] j.LocalContainerEntityManagerFactoryBean : Closing JPA EntityManagerFactory for persistence unit 'default'
2026-01-21T09:51:16.705+01:00  INFO 3236 --- [psep-ut4-api-server] [SpringApplicationShutdownHook] com.zaxxer.hikari.HikariDataSource       : HikariPool-1 - Shutdown initiated...
2026-01-21T09:51:16.707+01:00  INFO 14796 --- [psep-ut4-api-server] [SpringApplicationShutdownHook] j.LocalContainerEntityManagerFactoryBean : Closing JPA EntityManagerFactory for persistence unit 'default'
2026-01-21T09:51:16.709+01:00  INFO 14796 --- [psep-ut4-api-server] [SpringApplicationShutdownHook] com.zaxxer.hikari.HikariDataSource       : HikariPool-1 - Shutdown initiated...
2026-01-21T09:51:16.713+01:00  INFO 3236 --- [psep-ut4-api-server] [SpringApplicationShutdownHook] com.zaxxer.hikari.HikariDataSource       : HikariPool-1 - Shutdown completed.
2026-01-21T09:51:16.715+01:00  INFO 14796 --- [psep-ut4-api-server] [SpringApplicationShutdownHook] com.zaxxer.hikari.HikariDataSource       : HikariPool-1 - Shutdown completed.
2026-01-21T09:52:05.563+01:00  INFO 2504 --- [psep-ut4-api-server] [main] c.e.p.s.PsepUt4ApiServerApplication      : Starting PsepUt4ApiServerApplication using Java 25 with PID 2504 (C:\Users\jberrojalo1\Documents\GitHub\DAM2A\PSEP\UT4\UT4_A1\psep-ut4-api-server\psep-ut4-api-server\target\classes started by jberrojalo1 in C:\Users\jberrojalo1\Documents\GitHub\DAM2A\PSEP\UT4\UT4_A1)
2026-01-21T09:52:05.565+01:00  INFO 2504 --- [psep-ut4-api-server] [main] c.e.p.s.PsepUt4ApiServerApplication      : No active profile set, falling back to 1 default profile: "default"
2026-01-21T09:52:05.908+01:00  INFO 2504 --- [psep-ut4-api-server] [main] .s.d.r.c.RepositoryConfigurationDelegate : Bootstrapping Spring Data JPA repositories in DEFAULT mode.
2026-01-21T09:52:05.944+01:00  INFO 2504 --- [psep-ut4-api-server] [main] .s.d.r.c.RepositoryConfigurationDelegate : Finished Spring Data repository scanning in 32 ms. Found 2 JPA repository interfaces.
2026-01-21T09:52:06.194+01:00  INFO 2504 --- [psep-ut4-api-server] [main] o.s.b.w.embedded.tomcat.TomcatWebServer  : Tomcat initialized with port 8081 (http)
2026-01-21T09:52:06.201+01:00  INFO 2504 --- [psep-ut4-api-server] [main] o.apache.catalina.core.StandardService   : Starting service [Tomcat]
2026-01-21T09:52:06.202+01:00  INFO 2504 --- [psep-ut4-api-server] [main] o.apache.catalina.core.StandardEngine    : Starting Servlet engine: [Apache Tomcat/10.1.26]
2026-01-21T09:52:06.229+01:00  INFO 2504 --- [psep-ut4-api-server] [main] o.a.c.c.C.[Tomcat].[localhost].[/]       : Initializing Spring embedded WebApplicationContext
2026-01-21T09:52:06.229+01:00  INFO 2504 --- [psep-ut4-api-server] [main] w.s.c.ServletWebServerApplicationContext : Root WebApplicationContext: initialization completed in 635 ms
2026-01-21T09:52:06.295+01:00  INFO 2504 --- [psep-ut4-api-server] [main] o.hibernate.jpa.internal.util.LogHelper  : HHH000204: Processing PersistenceUnitInfo [name: default]
2026-01-21T09:52:06.328+01:00  INFO 2504 --- [psep-ut4-api-server] [main] org.hibernate.Version                    : HHH000412: Hibernate ORM core version 6.5.2.Final
2026-01-21T09:52:06.346+01:00  INFO 2504 --- [psep-ut4-api-server] [main] o.h.c.internal.RegionFactoryInitiator    : HHH000026: Second-level cache disabled
2026-01-21T09:52:06.514+01:00  INFO 2504 --- [psep-ut4-api-server] [main] o.s.o.j.p.SpringPersistenceUnitInfo      : No LoadTimeWeaver setup: ignoring JPA class transformer
2026-01-21T09:52:06.526+01:00  INFO 2504 --- [psep-ut4-api-server] [main] com.zaxxer.hikari.HikariDataSource       : HikariPool-1 - Starting...
2026-01-21T09:52:06.715+01:00  INFO 2504 --- [psep-ut4-api-server] [main] com.zaxxer.hikari.pool.HikariPool        : HikariPool-1 - Added connection com.mysql.cj.jdbc.ConnectionImpl@58cda03f
2026-01-21T09:52:06.717+01:00  INFO 2504 --- [psep-ut4-api-server] [main] com.zaxxer.hikari.HikariDataSource       : HikariPool-1 - Start completed.
2026-01-21T09:52:07.277+01:00  INFO 2504 --- [psep-ut4-api-server] [main] o.h.e.t.j.p.i.JtaPlatformInitiator       : HHH000489: No JTA platform available (set 'hibernate.transaction.jta.platform' to enable JTA platform integration)
2026-01-21T09:52:07.619+01:00  INFO 2504 --- [psep-ut4-api-server] [main] j.LocalContainerEntityManagerFactoryBean : Initialized JPA EntityManagerFactory for persistence unit 'default'
2026-01-21T09:52:07.839+01:00  WARN 2504 --- [psep-ut4-api-server] [main] JpaBaseConfiguration$JpaWebConfiguration : spring.jpa.open-in-view is enabled by default. Therefore, database queries may be performed during view rendering. Explicitly configure spring.jpa.open-in-view to disable this warning
2026-01-21T09:52:08.142+01:00  INFO 2504 --- [psep-ut4-api-server] [main] o.s.b.w.embedded.tomcat.TomcatWebServer  : Tomcat started on port 8081 (http) with context path '/'
2026-01-21T09:52:08.147+01:00  INFO 2504 --- [psep-ut4-api-server] [main] c.e.p.s.PsepUt4ApiServerApplication      : Started PsepUt4ApiServerApplication in 2.841 seconds (process running for 3.19)
2026-01-21T09:52:27.221+01:00  INFO 13040 --- [psep-ut4-api-server] [main] c.e.p.c.PsepUt4ApiClientApplication      : Starting PsepUt4ApiClientApplication using Java 25 with PID 13040 (C:\Users\jberrojalo1\Documents\GitHub\DAM2A\PSEP\UT4\UT4_A1\psep-ut4-api-server\psep-ut4-api-server\target\classes started by jberrojalo1 in C:\Users\jberrojalo1\Documents\GitHub\DAM2A\PSEP\UT4\UT4_A1)
2026-01-21T09:52:27.222+01:00  INFO 13040 --- [psep-ut4-api-server] [main] c.e.p.c.PsepUt4ApiClientApplication      : No active profile set, falling back to 1 default profile: "default"
2026-01-21T09:52:27.505+01:00  INFO 13040 --- [psep-ut4-api-server] [main] .s.d.r.c.RepositoryConfigurationDelegate : Bootstrapping Spring Data JPA repositories in DEFAULT mode.
2026-01-21T09:52:27.517+01:00  INFO 13040 --- [psep-ut4-api-server] [main] .s.d.r.c.RepositoryConfigurationDelegate : Finished Spring Data repository scanning in 7 ms. Found 0 JPA repository interfaces.
2026-01-21T09:52:27.712+01:00  INFO 13040 --- [psep-ut4-api-server] [main] o.hibernate.jpa.internal.util.LogHelper  : HHH000204: Processing PersistenceUnitInfo [name: default]
2026-01-21T09:52:27.738+01:00  INFO 13040 --- [psep-ut4-api-server] [main] org.hibernate.Version                    : HHH000412: Hibernate ORM core version 6.5.2.Final
2026-01-21T09:52:27.755+01:00  INFO 13040 --- [psep-ut4-api-server] [main] o.h.c.internal.RegionFactoryInitiator    : HHH000026: Second-level cache disabled
2026-01-21T09:52:27.920+01:00  INFO 13040 --- [psep-ut4-api-server] [main] o.s.o.j.p.SpringPersistenceUnitInfo      : No LoadTimeWeaver setup: ignoring JPA class transformer
2026-01-21T09:52:27.935+01:00  INFO 13040 --- [psep-ut4-api-server] [main] com.zaxxer.hikari.HikariDataSource       : HikariPool-1 - Starting...
2026-01-21T09:52:28.140+01:00  INFO 13040 --- [psep-ut4-api-server] [main] com.zaxxer.hikari.pool.HikariPool        : HikariPool-1 - Added connection com.mysql.cj.jdbc.ConnectionImpl@7ddcb0dc
2026-01-21T09:52:28.142+01:00  INFO 13040 --- [psep-ut4-api-server] [main] com.zaxxer.hikari.HikariDataSource       : HikariPool-1 - Start completed.
2026-01-21T09:52:28.349+01:00  INFO 13040 --- [psep-ut4-api-server] [main] o.h.e.t.j.p.i.JtaPlatformInitiator       : HHH000489: No JTA platform available (set 'hibernate.transaction.jta.platform' to enable JTA platform integration)
2026-01-21T09:52:28.352+01:00  INFO 13040 --- [psep-ut4-api-server] [main] j.LocalContainerEntityManagerFactoryBean : Initialized JPA EntityManagerFactory for persistence unit 'default'
2026-01-21T09:52:28.535+01:00  INFO 13040 --- [psep-ut4-api-server] [main] c.e.p.c.PsepUt4ApiClientApplication      : Started PsepUt4ApiClientApplication in 1.551 seconds (process running for 1.893)
2026-01-21T09:53:01.860+01:00  INFO 2504 --- [psep-ut4-api-server] [http-nio-8081-exec-2] o.a.c.c.C.[Tomcat].[localhost].[/]       : Initializing Spring DispatcherServlet 'dispatcherServlet'
2026-01-21T09:53:01.860+01:00  INFO 2504 --- [psep-ut4-api-server] [http-nio-8081-exec-2] o.s.web.servlet.DispatcherServlet        : Initializing Servlet 'dispatcherServlet'
2026-01-21T09:53:01.861+01:00  INFO 2504 --- [psep-ut4-api-server] [http-nio-8081-exec-2] o.s.web.servlet.DispatcherServlet        : Completed initialization in 1 ms
2026-01-21T09:54:40.122+01:00  INFO 13040 --- [psep-ut4-api-server] [SpringApplicationShutdownHook] j.LocalContainerEntityManagerFactoryBean : Closing JPA EntityManagerFactory for persistence unit 'default'
2026-01-21T09:54:40.124+01:00  INFO 13040 --- [psep-ut4-api-server] [SpringApplicationShutdownHook] com.zaxxer.hikari.HikariDataSource       : HikariPool-1 - Shutdown initiated...
2026-01-21T09:54:40.128+01:00  INFO 2504 --- [psep-ut4-api-server] [SpringApplicationShutdownHook] j.LocalContainerEntityManagerFactoryBean : Closing JPA EntityManagerFactory for persistence unit 'default'
2026-01-21T09:54:40.129+01:00  INFO 2504 --- [psep-ut4-api-server] [SpringApplicationShutdownHook] com.zaxxer.hikari.HikariDataSource       : HikariPool-1 - Shutdown initiated...
2026-01-21T09:54:40.130+01:00  INFO 13040 --- [psep-ut4-api-server] [SpringApplicationShutdownHook] com.zaxxer.hikari.HikariDataSource       : HikariPool-1 - Shutdown completed.
2026-01-21T09:54:40.134+01:00  INFO 2504 --- [psep-ut4-api-server] [SpringApplicationShutdownHook] com.zaxxer.hikari.HikariDataSource       : HikariPool-1 - Shutdown completed.
2026-01-21T09:55:03.772+01:00  INFO 4064 --- [psep-ut4-api-server] [main] c.e.p.c.PsepUt4ApiClientApplication      : Starting PsepUt4ApiClientApplication using Java 25 with PID 4064 (C:\Users\jberrojalo1\Documents\GitHub\DAM2A\PSEP\UT4\UT4_A1\psep-ut4-api-server\psep-ut4-api-server\target\classes started by jberrojalo1 in C:\Users\jberrojalo1\Documents\GitHub\DAM2A\PSEP\UT4\UT4_A1)
2026-01-21T09:55:03.773+01:00  INFO 4064 --- [psep-ut4-api-server] [main] c.e.p.c.PsepUt4ApiClientApplication      : No active profile set, falling back to 1 default profile: "default"
2026-01-21T09:55:04.250+01:00  INFO 4064 --- [psep-ut4-api-server] [main] c.e.p.c.PsepUt4ApiClientApplication      : Started PsepUt4ApiClientApplication in 0.726 seconds (process running for 1.216)
2026-01-21T09:55:18.049+01:00  INFO 1704 --- [psep-ut4-api-server] [main] c.e.p.c.PsepUt4ApiClientApplication      : Starting PsepUt4ApiClientApplication using Java 25 with PID 1704 (C:\Users\jberrojalo1\Documents\GitHub\DAM2A\PSEP\UT4\UT4_A1\psep-ut4-api-server\psep-ut4-api-server\target\classes started by jberrojalo1 in C:\Users\jberrojalo1\Documents\GitHub\DAM2A\PSEP\UT4\UT4_A1)
2026-01-21T09:55:18.051+01:00  INFO 1704 --- [psep-ut4-api-server] [main] c.e.p.c.PsepUt4ApiClientApplication      : No active profile set, falling back to 1 default profile: "default"
2026-01-21T09:55:18.540+01:00  INFO 1704 --- [psep-ut4-api-server] [main] c.e.p.c.PsepUt4ApiClientApplication      : Started PsepUt4ApiClientApplication in 0.743 seconds (process running for 1.064)
2026-01-21T09:55:40.015+01:00  INFO 2160 --- [psep-ut4-api-server] [main] c.e.p.s.PsepUt4ApiServerApplication      : Starting PsepUt4ApiServerApplication using Java 25 with PID 2160 (C:\Users\jberrojalo1\Documents\GitHub\DAM2A\PSEP\UT4\UT4_A1\psep-ut4-api-server\psep-ut4-api-server\target\classes started by jberrojalo1 in C:\Users\jberrojalo1\Documents\GitHub\DAM2A\PSEP\UT4\UT4_A1)
2026-01-21T09:55:40.017+01:00  INFO 2160 --- [psep-ut4-api-server] [main] c.e.p.s.PsepUt4ApiServerApplication      : No active profile set, falling back to 1 default profile: "default"
2026-01-21T09:55:40.360+01:00  INFO 2160 --- [psep-ut4-api-server] [main] .s.d.r.c.RepositoryConfigurationDelegate : Bootstrapping Spring Data JPA repositories in DEFAULT mode.
2026-01-21T09:55:40.396+01:00  INFO 2160 --- [psep-ut4-api-server] [main] .s.d.r.c.RepositoryConfigurationDelegate : Finished Spring Data repository scanning in 31 ms. Found 2 JPA repository interfaces.
2026-01-21T09:55:40.647+01:00  INFO 2160 --- [psep-ut4-api-server] [main] o.s.b.w.embedded.tomcat.TomcatWebServer  : Tomcat initialized with port 8081 (http)
2026-01-21T09:55:40.654+01:00  INFO 2160 --- [psep-ut4-api-server] [main] o.apache.catalina.core.StandardService   : Starting service [Tomcat]
2026-01-21T09:55:40.654+01:00  INFO 2160 --- [psep-ut4-api-server] [main] o.apache.catalina.core.StandardEngine    : Starting Servlet engine: [Apache Tomcat/10.1.26]
2026-01-21T09:55:40.682+01:00  INFO 2160 --- [psep-ut4-api-server] [main] o.a.c.c.C.[Tomcat].[localhost].[/]       : Initializing Spring embedded WebApplicationContext
2026-01-21T09:55:40.682+01:00  INFO 2160 --- [psep-ut4-api-server] [main] w.s.c.ServletWebServerApplicationContext : Root WebApplicationContext: initialization completed in 636 ms
2026-01-21T09:55:40.751+01:00  INFO 2160 --- [psep-ut4-api-server] [main] o.hibernate.jpa.internal.util.LogHelper  : HHH000204: Processing PersistenceUnitInfo [name: default]
2026-01-21T09:55:40.784+01:00  INFO 2160 --- [psep-ut4-api-server] [main] org.hibernate.Version                    : HHH000412: Hibernate ORM core version 6.5.2.Final
2026-01-21T09:55:40.803+01:00  INFO 2160 --- [psep-ut4-api-server] [main] o.h.c.internal.RegionFactoryInitiator    : HHH000026: Second-level cache disabled
2026-01-21T09:55:40.972+01:00  INFO 2160 --- [psep-ut4-api-server] [main] o.s.o.j.p.SpringPersistenceUnitInfo      : No LoadTimeWeaver setup: ignoring JPA class transformer
2026-01-21T09:55:40.987+01:00  INFO 2160 --- [psep-ut4-api-server] [main] com.zaxxer.hikari.HikariDataSource       : HikariPool-1 - Starting...
2026-01-21T09:55:41.184+01:00  INFO 2160 --- [psep-ut4-api-server] [main] com.zaxxer.hikari.pool.HikariPool        : HikariPool-1 - Added connection com.mysql.cj.jdbc.ConnectionImpl@67d5ac2f
2026-01-21T09:55:41.186+01:00  INFO 2160 --- [psep-ut4-api-server] [main] com.zaxxer.hikari.HikariDataSource       : HikariPool-1 - Start completed.
2026-01-21T09:55:41.735+01:00  INFO 2160 --- [psep-ut4-api-server] [main] o.h.e.t.j.p.i.JtaPlatformInitiator       : HHH000489: No JTA platform available (set 'hibernate.transaction.jta.platform' to enable JTA platform integration)
2026-01-21T09:55:41.782+01:00  INFO 2160 --- [psep-ut4-api-server] [main] j.LocalContainerEntityManagerFactoryBean : Initialized JPA EntityManagerFactory for persistence unit 'default'
2026-01-21T09:55:41.978+01:00  WARN 2160 --- [psep-ut4-api-server] [main] JpaBaseConfiguration$JpaWebConfiguration : spring.jpa.open-in-view is enabled by default. Therefore, database queries may be performed during view rendering. Explicitly configure spring.jpa.open-in-view to disable this warning
2026-01-21T09:55:42.189+01:00  INFO 2160 --- [psep-ut4-api-server] [main] o.s.b.w.embedded.tomcat.TomcatWebServer  : Tomcat started on port 8081 (http) with context path '/'
2026-01-21T09:55:42.193+01:00  INFO 2160 --- [psep-ut4-api-server] [main] c.e.p.s.PsepUt4ApiServerApplication      : Started PsepUt4ApiServerApplication in 2.428 seconds (process running for 2.769)
2026-01-21T09:55:43.864+01:00  INFO 2160 --- [psep-ut4-api-server] [SpringApplicationShutdownHook] j.LocalContainerEntityManagerFactoryBean : Closing JPA EntityManagerFactory for persistence unit 'default'
2026-01-21T09:55:43.865+01:00  INFO 2160 --- [psep-ut4-api-server] [SpringApplicationShutdownHook] com.zaxxer.hikari.HikariDataSource       : HikariPool-1 - Shutdown initiated...
2026-01-21T09:55:43.870+01:00  INFO 2160 --- [psep-ut4-api-server] [SpringApplicationShutdownHook] com.zaxxer.hikari.HikariDataSource       : HikariPool-1 - Shutdown completed.
2026-01-21T09:56:33.316+01:00  INFO 10036 --- [psep-ut4-api-server] [main] c.e.p.s.PsepUt4ApiServerApplication      : Starting PsepUt4ApiServerApplication using Java 25 with PID 10036 (C:\Users\jberrojalo1\Documents\GitHub\DAM2A\PSEP\UT4\UT4_A1\psep-ut4-api-server\psep-ut4-api-server\target\classes started by jberrojalo1 in C:\Users\jberrojalo1\Documents\GitHub\DAM2A\PSEP\UT4\UT4_A1)
2026-01-21T09:56:33.317+01:00  INFO 10036 --- [psep-ut4-api-server] [main] c.e.p.s.PsepUt4ApiServerApplication      : No active profile set, falling back to 1 default profile: "default"
2026-01-21T09:56:33.667+01:00  INFO 10036 --- [psep-ut4-api-server] [main] .s.d.r.c.RepositoryConfigurationDelegate : Bootstrapping Spring Data JPA repositories in DEFAULT mode.
2026-01-21T09:56:33.704+01:00  INFO 10036 --- [psep-ut4-api-server] [main] .s.d.r.c.RepositoryConfigurationDelegate : Finished Spring Data repository scanning in 32 ms. Found 2 JPA repository interfaces.
2026-01-21T09:56:33.958+01:00  INFO 10036 --- [psep-ut4-api-server] [main] o.s.b.w.embedded.tomcat.TomcatWebServer  : Tomcat initialized with port 8081 (http)
2026-01-21T09:56:33.965+01:00  INFO 10036 --- [psep-ut4-api-server] [main] o.apache.catalina.core.StandardService   : Starting service [Tomcat]
2026-01-21T09:56:33.966+01:00  INFO 10036 --- [psep-ut4-api-server] [main] o.apache.catalina.core.StandardEngine    : Starting Servlet engine: [Apache Tomcat/10.1.26]
2026-01-21T09:56:33.995+01:00  INFO 10036 --- [psep-ut4-api-server] [main] o.a.c.c.C.[Tomcat].[localhost].[/]       : Initializing Spring embedded WebApplicationContext
2026-01-21T09:56:33.996+01:00  INFO 10036 --- [psep-ut4-api-server] [main] w.s.c.ServletWebServerApplicationContext : Root WebApplicationContext: initialization completed in 649 ms
2026-01-21T09:56:34.067+01:00  INFO 10036 --- [psep-ut4-api-server] [main] o.hibernate.jpa.internal.util.LogHelper  : HHH000204: Processing PersistenceUnitInfo [name: default]
2026-01-21T09:56:34.094+01:00  INFO 10036 --- [psep-ut4-api-server] [main] org.hibernate.Version                    : HHH000412: Hibernate ORM core version 6.5.2.Final
2026-01-21T09:56:34.118+01:00  INFO 10036 --- [psep-ut4-api-server] [main] o.h.c.internal.RegionFactoryInitiator    : HHH000026: Second-level cache disabled
2026-01-21T09:56:34.285+01:00  INFO 10036 --- [psep-ut4-api-server] [main] o.s.o.j.p.SpringPersistenceUnitInfo      : No LoadTimeWeaver setup: ignoring JPA class transformer
2026-01-21T09:56:34.299+01:00  INFO 10036 --- [psep-ut4-api-server] [main] com.zaxxer.hikari.HikariDataSource       : HikariPool-1 - Starting...
2026-01-21T09:56:34.494+01:00  INFO 10036 --- [psep-ut4-api-server] [main] com.zaxxer.hikari.pool.HikariPool        : HikariPool-1 - Added connection com.mysql.cj.jdbc.ConnectionImpl@58cda03f
2026-01-21T09:56:34.496+01:00  INFO 10036 --- [psep-ut4-api-server] [main] com.zaxxer.hikari.HikariDataSource       : HikariPool-1 - Start completed.
2026-01-21T09:56:35.061+01:00  INFO 10036 --- [psep-ut4-api-server] [main] o.h.e.t.j.p.i.JtaPlatformInitiator       : HHH000489: No JTA platform available (set 'hibernate.transaction.jta.platform' to enable JTA platform integration)
2026-01-21T09:56:35.400+01:00  INFO 10036 --- [psep-ut4-api-server] [main] j.LocalContainerEntityManagerFactoryBean : Initialized JPA EntityManagerFactory for persistence unit 'default'
2026-01-21T09:56:35.596+01:00  WARN 10036 --- [psep-ut4-api-server] [main] JpaBaseConfiguration$JpaWebConfiguration : spring.jpa.open-in-view is enabled by default. Therefore, database queries may be performed during view rendering. Explicitly configure spring.jpa.open-in-view to disable this warning
2026-01-21T09:56:35.885+01:00  INFO 10036 --- [psep-ut4-api-server] [main] o.s.b.w.embedded.tomcat.TomcatWebServer  : Tomcat started on port 8081 (http) with context path '/'
2026-01-21T09:56:35.890+01:00  INFO 10036 --- [psep-ut4-api-server] [main] c.e.p.s.PsepUt4ApiServerApplication      : Started PsepUt4ApiServerApplication in 2.824 seconds (process running for 3.148)
2026-01-21T09:56:41.782+01:00  INFO 2868 --- [psep-ut4-api-server] [main] c.e.p.c.PsepUt4ApiClientApplication      : Starting PsepUt4ApiClientApplication using Java 25 with PID 2868 (C:\Users\jberrojalo1\Documents\GitHub\DAM2A\PSEP\UT4\UT4_A1\psep-ut4-api-server\psep-ut4-api-server\target\classes started by jberrojalo1 in C:\Users\jberrojalo1\Documents\GitHub\DAM2A\PSEP\UT4\UT4_A1)
2026-01-21T09:56:41.784+01:00  INFO 2868 --- [psep-ut4-api-server] [main] c.e.p.c.PsepUt4ApiClientApplication      : No active profile set, falling back to 1 default profile: "default"
2026-01-21T09:56:42.258+01:00  INFO 2868 --- [psep-ut4-api-server] [main] c.e.p.c.PsepUt4ApiClientApplication      : Started PsepUt4ApiClientApplication in 0.714 seconds (process running for 1.064)
2026-01-21T09:56:45.593+01:00  INFO 10036 --- [psep-ut4-api-server] [http-nio-8081-exec-1] o.a.c.c.C.[Tomcat].[localhost].[/]       : Initializing Spring DispatcherServlet 'dispatcherServlet'
2026-01-21T09:56:45.594+01:00  INFO 10036 --- [psep-ut4-api-server] [http-nio-8081-exec-1] o.s.web.servlet.DispatcherServlet        : Initializing Servlet 'dispatcherServlet'
2026-01-21T09:56:45.594+01:00  INFO 10036 --- [psep-ut4-api-server] [http-nio-8081-exec-1] o.s.web.servlet.DispatcherServlet        : Completed initialization in 0 ms
2026-01-21T10:02:34.886+01:00  INFO 10036 --- [psep-ut4-api-server] [http-nio-8081-exec-10] c.e.p.server.pelicula.PeliculaService    : CREAR película: titulo='Whiplash', director='Damien Chazelle'
2026-01-21T10:02:34.922+01:00  INFO 10036 --- [psep-ut4-api-server] [http-nio-8081-exec-1] c.e.p.server.pelicula.PeliculaService    : CREAR película: titulo='La La Land', director='Damien Chazelle'
2026-01-21T10:08:08.340+01:00  INFO 10036 --- [psep-ut4-api-server] [SpringApplicationShutdownHook] j.LocalContainerEntityManagerFactoryBean : Closing JPA EntityManagerFactory for persistence unit 'default'
2026-01-21T10:08:08.341+01:00  INFO 10036 --- [psep-ut4-api-server] [SpringApplicationShutdownHook] com.zaxxer.hikari.HikariDataSource       : HikariPool-1 - Shutdown initiated...
2026-01-21T10:08:08.346+01:00  INFO 10036 --- [psep-ut4-api-server] [SpringApplicationShutdownHook] com.zaxxer.hikari.HikariDataSource       : HikariPool-1 - Shutdown completed.
2026-01-21T10:10:41.762+01:00  INFO 7104 --- [psep-ut4-api-server] [main] c.e.p.s.PsepUt4ApiServerApplication      : Starting PsepUt4ApiServerApplication using Java 25 with PID 7104 (C:\Users\jberrojalo1\Documents\GitHub\DAM2A\PSEP\UT4\UT4_A1\psep-ut4-api-server\psep-ut4-api-server\target\classes started by jberrojalo1 in C:\Users\jberrojalo1\Documents\GitHub\DAM2A\PSEP\UT4\UT4_A1)
2026-01-21T10:10:41.763+01:00  INFO 7104 --- [psep-ut4-api-server] [main] c.e.p.s.PsepUt4ApiServerApplication      : No active profile set, falling back to 1 default profile: "default"
2026-01-21T10:10:42.109+01:00  INFO 7104 --- [psep-ut4-api-server] [main] .s.d.r.c.RepositoryConfigurationDelegate : Bootstrapping Spring Data JPA repositories in DEFAULT mode.
2026-01-21T10:10:42.145+01:00  INFO 7104 --- [psep-ut4-api-server] [main] .s.d.r.c.RepositoryConfigurationDelegate : Finished Spring Data repository scanning in 26 ms. Found 2 JPA repository interfaces.
2026-01-21T10:10:42.410+01:00  INFO 7104 --- [psep-ut4-api-server] [main] o.s.b.w.embedded.tomcat.TomcatWebServer  : Tomcat initialized with port 8081 (http)
2026-01-21T10:10:42.417+01:00  INFO 7104 --- [psep-ut4-api-server] [main] o.apache.catalina.core.StandardService   : Starting service [Tomcat]
2026-01-21T10:10:42.417+01:00  INFO 7104 --- [psep-ut4-api-server] [main] o.apache.catalina.core.StandardEngine    : Starting Servlet engine: [Apache Tomcat/10.1.26]
2026-01-21T10:10:42.444+01:00  INFO 7104 --- [psep-ut4-api-server] [main] o.a.c.c.C.[Tomcat].[localhost].[/]       : Initializing Spring embedded WebApplicationContext
2026-01-21T10:10:42.445+01:00  INFO 7104 --- [psep-ut4-api-server] [main] w.s.c.ServletWebServerApplicationContext : Root WebApplicationContext: initialization completed in 651 ms
2026-01-21T10:10:42.524+01:00  INFO 7104 --- [psep-ut4-api-server] [main] o.hibernate.jpa.internal.util.LogHelper  : HHH000204: Processing PersistenceUnitInfo [name: default]
2026-01-21T10:10:42.550+01:00  INFO 7104 --- [psep-ut4-api-server] [main] org.hibernate.Version                    : HHH000412: Hibernate ORM core version 6.5.2.Final
2026-01-21T10:10:42.567+01:00  INFO 7104 --- [psep-ut4-api-server] [main] o.h.c.internal.RegionFactoryInitiator    : HHH000026: Second-level cache disabled
2026-01-21T10:10:42.755+01:00  INFO 7104 --- [psep-ut4-api-server] [main] o.s.o.j.p.SpringPersistenceUnitInfo      : No LoadTimeWeaver setup: ignoring JPA class transformer
2026-01-21T10:10:42.770+01:00  INFO 7104 --- [psep-ut4-api-server] [main] com.zaxxer.hikari.HikariDataSource       : HikariPool-1 - Starting...
2026-01-21T10:10:42.976+01:00  INFO 7104 --- [psep-ut4-api-server] [main] com.zaxxer.hikari.pool.HikariPool        : HikariPool-1 - Added connection com.mysql.cj.jdbc.ConnectionImpl@6451a288
2026-01-21T10:10:42.977+01:00  INFO 7104 --- [psep-ut4-api-server] [main] com.zaxxer.hikari.HikariDataSource       : HikariPool-1 - Start completed.
2026-01-21T10:10:43.558+01:00  INFO 7104 --- [psep-ut4-api-server] [main] o.h.e.t.j.p.i.JtaPlatformInitiator       : HHH000489: No JTA platform available (set 'hibernate.transaction.jta.platform' to enable JTA platform integration)
2026-01-21T10:10:43.600+01:00  INFO 7104 --- [psep-ut4-api-server] [main] j.LocalContainerEntityManagerFactoryBean : Initialized JPA EntityManagerFactory for persistence unit 'default'
2026-01-21T10:10:43.821+01:00  WARN 7104 --- [psep-ut4-api-server] [main] JpaBaseConfiguration$JpaWebConfiguration : spring.jpa.open-in-view is enabled by default. Therefore, database queries may be performed during view rendering. Explicitly configure spring.jpa.open-in-view to disable this warning
2026-01-21T10:10:44.067+01:00  INFO 7104 --- [psep-ut4-api-server] [main] o.s.b.w.embedded.tomcat.TomcatWebServer  : Tomcat started on port 8081 (http) with context path '/'
2026-01-21T10:10:44.072+01:00  INFO 7104 --- [psep-ut4-api-server] [main] c.e.p.s.PsepUt4ApiServerApplication      : Started PsepUt4ApiServerApplication in 2.563 seconds (process running for 2.899)
2026-01-21T10:10:47.399+01:00  INFO 19836 --- [psep-ut4-api-server] [main] c.e.p.c.PsepUt4ApiClientApplication      : Starting PsepUt4ApiClientApplication using Java 25 with PID 19836 (C:\Users\jberrojalo1\Documents\GitHub\DAM2A\PSEP\UT4\UT4_A1\psep-ut4-api-server\psep-ut4-api-server\target\classes started by jberrojalo1 in C:\Users\jberrojalo1\Documents\GitHub\DAM2A\PSEP\UT4\UT4_A1)
2026-01-21T10:10:47.400+01:00  INFO 19836 --- [psep-ut4-api-server] [main] c.e.p.c.PsepUt4ApiClientApplication      : No active profile set, falling back to 1 default profile: "default"
2026-01-21T10:10:47.887+01:00  INFO 19836 --- [psep-ut4-api-server] [main] c.e.p.c.PsepUt4ApiClientApplication      : Started PsepUt4ApiClientApplication in 0.744 seconds (process running for 1.101)
2026-01-21T10:10:59.311+01:00  INFO 7104 --- [psep-ut4-api-server] [http-nio-8081-exec-1] o.a.c.c.C.[Tomcat].[localhost].[/]       : Initializing Spring DispatcherServlet 'dispatcherServlet'
2026-01-21T10:10:59.312+01:00  INFO 7104 --- [psep-ut4-api-server] [http-nio-8081-exec-1] o.s.web.servlet.DispatcherServlet        : Initializing Servlet 'dispatcherServlet'
2026-01-21T10:10:59.312+01:00  INFO 7104 --- [psep-ut4-api-server] [http-nio-8081-exec-1] o.s.web.servlet.DispatcherServlet        : Completed initialization in 0 ms
2026-01-21T10:12:19.123+01:00  INFO 7104 --- [psep-ut4-api-server] [http-nio-8081-exec-3] c.e.p.server.pelicula.PeliculaService    : CREAR película: titulo='sdfsdf', director='sdfds'
2026-01-21T10:48:17.015+01:00  INFO 7104 --- [psep-ut4-api-server] [SpringApplicationShutdownHook] j.LocalContainerEntityManagerFactoryBean : Closing JPA EntityManagerFactory for persistence unit 'default'
2026-01-21T10:48:17.018+01:00  INFO 7104 --- [psep-ut4-api-server] [SpringApplicationShutdownHook] com.zaxxer.hikari.HikariDataSource       : HikariPool-1 - Shutdown initiated...
2026-01-21T10:48:17.023+01:00  INFO 7104 --- [psep-ut4-api-server] [SpringApplicationShutdownHook] com.zaxxer.hikari.HikariDataSource       : HikariPool-1 - Shutdown completed.
